"HAUL_ID","OPERATION_ID","CRUISE_ID","CRUISE_LEG_ID","HAUL","STRATUM_ID","STATION_ID","NET_NUMBER","FOOTROPE_NUMBER","PORT_DOOR_NUMBER","STARBOARD_DOOR_NUMBER","SKIPPER_PERSONNEL_ID","AUTOTRAWL_METHOD","HAUL_TYPE","PERFORMANCE","BOTTOM_TYPE","BOTTOM_TYPE_METHOD","STEEPNESS","STEEPNESS_METHOD","START_TIMELOG","END_TIMELOG","DISTANCE_FISHED","DISTANCE_FISHED_METHOD","DOOR_SPREAD","DOOR_SPREAD_METHOD","DOOR_SPREAD_PINGS","DOOR_SPREAD_STANDARD_DEVIATION","NET_SPREAD","NET_SPREAD_METHOD","NET_SPREAD_PINGS","NET_SPREAD_STANDARD_DEVIATION","NET_HEIGHT","NET_HEIGHT_METHOD","NET_HEIGHT_PINGS","NET_HEIGHT_STANDARD_DEVIATION","GEAR_DEPTH","GEAR_DEPTH_METHOD","BOTTOM_DEPTH","BOTTOM_DEPTH_METHOD","WIRE_OUT","WIRE_OUT_METHOD","GEAR","ACCESSORIES","BOTTOM_CONTACT_METHOD","SURFACE_TEMPERATURE","SURFACE_TEMPERATURE_METHOD","GEAR_TEMPERATURE","GEAR_TEMPERATURE_METHOD","WIND_SPEED","WIND_SPEED_METHOD","WIND_DIRECTION","WIND_DIRECTION_METHOD","WAVE_HEIGHT","WAVE_HEIGHT_METHOD","WAVE_DIRECTION","WAVE_DIRECTION_METHOD","SWELL_HEIGHT","SWELL_HEIGHT_METHOD","SWELL_DIRECTION","SWELL_DIRECTION_METHOD","CURRENT_SPEED","CURRENT_SPEED_METHOD","CURRENT_DIRECTION","CURRENT_DIRECTION_METHOD","RECORDER_PERSONNEL_ID","TIME_ZONE","TOTAL_HAUL_WEIGHT","HAUL_CATCH_SAMPLE_METHOD","SPEED_METHOD","STRATUM","STATION","EDIT_DISTANCE_FISHED","EDIT_DISTANCE_FISHED_UNITS","EDIT_DOOR_SPREAD","EDIT_DOOR_SPREAD_UNITS","EDIT_NET_SPREAD","EDIT_NET_SPREAD_UNITS","EDIT_NET_HEIGHT","EDIT_NET_HEIGHT_UNITS","EDIT_GEAR_DEPTH","EDIT_GEAR_DEPTH_UNITS","EDIT_BOTTOM_DEPTH","EDIT_BOTTOM_DEPTH_UNITS","EDIT_WIRE_OUT","EDIT_WIRE_OUT_UNITS","EDIT_SURFACE_TEMPERATURE","EDIT_SURFACE_TEMPERATURE_UNITS","EDIT_GEAR_TEMPERATURE","EDIT_GEAR_TEMPERATURE_UNITS","EDIT_WIND_SPEED","EDIT_WIND_SPEED_UNITS","EDIT_WAVE_HEIGHT","EDIT_WAVE_HEIGHT_UNITS","EDIT_SWELL_HEIGHT","EDIT_SWELL_HEIGHT_UNITS","EDIT_CURRENT_SPEED","EDIT_CURRENT_SPEED_UNITS","EDIT_TOTAL_HAUL_WEIGHT_UNITS","EDIT_TOTAL_HAUL_WEIGHT","DATA_VERSION","CREATE_DATE","CREATED_BY","LOAD_ID","RECORD_SOURCE_ID","DAY_NIGHT_FLAG","TARGET_DEPTH","EDIT_TARGET_DEPTH","EDIT_TARGET_DEPTH_UNITS","DURATION","EDIT_DURATION","EDIT_DURATION_UNITS","ORIGINAL_RECORD_ID","RECORDERS_NAME","ABUNDANCE_HAUL"
20105,,751,519,2,,,20,20,2130,2130,929,,1,-5.42,,,,,3,7,0.925,1,,,,,18.2443,4,0,0,1.503,6,451,0.13,66,4,68,5,228.6,5,44,15,5,6.53,14,4.75,6,15,4,30,2,2,2,30,2,3,2,30,2,,,,,,-8,,1,11,31,"D-09",0.925,"KM",,"",18.2443,"M",1.503,"M",66,"M",68,"M",125,"FM",6.53,"C",4.75,"C",15,"KT",2,"FT",3,"FT",,"","",,2017.1,30-MAY-21,"Britt, Lyle",1517,11,"",,,"",,,"",12354,"Britt, Lyle","N"
19852,,751,519,3,,,20,20,2130,2130,929,,3,0,,,,,3,7,2.754,1,,,,,14.8798,4,0,0,2.69,4,0,0,37,4,37,5,137.16,5,44,15,5,5.23,14,5.27,6,15,4,60,2,1,2,60,2,2,2,60,2,,,,,,-8,1108,2,11,10,"F-14",2.754,"KM",,"",14.8798,"M",2.69,"M",37,"M",37,"M",75,"FM",5.23,"C",5.27,"C",15,"KT",1,"FT",2,"FT",,"","KG",1108,2017.1,31-MAY-21,"Britt, Lyle",1436,11,"",,,"",,,"",12355,"Britt, Lyle","Y"
20472,,751,521,186,,,19,19,2130,2130,929,,3,0,,,,,3,7,2.894,1,,,,,18.7701,4,2,1.63,2.209,6,34,0.36,127,4,129,5,411.48,5,44,15,5,9.44,14,1.91,6,10,4,120,2,4,2,120,2,4,2,120,2,,,,,,-8,,1,11,61,"R-30",2.894,"KM",,"",18.7701,"M",2.209,"M",127,"M",129,"M",225,"FM",9.44,"C",1.91,"C",10,"KT",4,"FT",4,"FT",,"","",,2017.1,19-JUL-21,"Yeung, Cynthia",1493,11,"",,,"",,,"",12538,"Yeung, Cynthia","Y"
20471,,751,521,185,,,19,19,2130,2130,929,,3,0,,,,,3,7,2.825,1,,,,,18.7358,4,0,0,2.122,6,118,0.26,134,4,136,5,411.48,5,44,15,5,8.97,14,1.65,6,20,4,180,2,6,2,180,2,8,2,180,2,,,,,,-8,,1,11,61,"Q-30",2.825,"KM",,"",18.7358,"M",2.122,"M",134,"M",136,"M",225,"FM",8.97,"C",1.65,"C",20,"KT",6,"FT",8,"FT",,"","",,2017.1,19-JUL-21,"Yeung, Cynthia",1493,11,"",,,"",,,"",12537,"Yeung, Cynthia","Y"
19889,,751,519,22,,,20,20,2130,2130,929,,3,0,,,,,3,7,1.42,1,,,,,18.3888,4,11,0.24,2.23,6,101,0.12,89,4,91,5,320.04,5,44,15,5,7.13,14,3.66,6,15,4,220,2,2,2,220,2,3,2,220,2,,,,,,-8,,1,11,31,"F-11",1.42,"KM",,"",18.3888,"M",2.23,"M",89,"M",91,"M",175,"FM",7.13,"C",3.66,"C",15,"KT",2,"FT",3,"FT",,"","",,2017.1,04-JUN-21,"Britt, Lyle",1439,11,"",,,"",,,"",12374,"Britt, Lyle","Y"
19906,,751,519,39,,,14,14,2130,2130,929,,3,0,,,,,3,7,2.79,1,,,,,18.1101,4,14,0.81,2.18,4,0,0,72,4,72,5,274.32,5,44,15,5,6.3,14,3.06,6,15,4,210,2,3,2,210,2,6,2,210,2,,,,,,-8,,1,11,31,"F-07",2.79,"KM",,"",18.1101,"M",2.18,"M",72,"M",72,"M",150,"FM",6.3,"C",3.06,"C",15,"KT",3,"FT",6,"FT",,"","",,2017.1,07-JUN-21,"Britt, Lyle",1443,11,"",,,"",,,"",12391,"Britt, Lyle","Y"
19907,,751,519,40,,,14,14,2130,2130,929,,3,0,,,,,3,7,2.83,1,,,,,18.1034,4,4,1.83,2.2,6,458,0.16,84,4,86,5,274.32,5,44,15,5,6.34,14,2.9,6,15,4,220,2,2,2,220,2,6,2,220,2,,,,,,-8,,1,11,31,"E-07",2.83,"KM",,"",18.1034,"M",2.2,"M",84,"M",86,"M",150,"FM",6.34,"C",2.9,"C",15,"KT",2,"FT",6,"FT",,"","",,2017.1,08-JUN-21,"Britt, Lyle",1443,11,"",,,"",,,"",12392,"Britt, Lyle","Y"
19949,,751,519,62,,,17,17,2130,2130,929,,3,0,,,,,3,7,2.899,1,,,,,15.6026,4,0,0,2.403,6,831,0.17,25,4,27,5,137.16,5,44,15,5,3.29,14,3.31,6,15,4,200,2,1,2,200,2,4,2,200,2,,,,,,-8,960,2,11,20,"N-03",2.899,"KM",,"",15.6026,"M",2.403,"M",25,"M",27,"M",75,"FM",3.29,"C",3.31,"C",15,"KT",1,"FT",4,"FT",,"","KG",960,2017.1,13-JUN-21,"Britt, Lyle",1450,11,"",,,"",,,"",12414,"Britt, Lyle","Y"
19979,,751,519,71,,,17,17,2130,2130,929,,3,0,,,,,3,7,2.885,1,,,,,18.4012,4,5,0.38,1.6,6,195,0.14,90,4,92,5,320.04,5,44,15,5,6.96,14,3.38,6,10,4,180,2,3,2,180,2,5,2,180,2,,,,,,-8,1816,2,11,31,"E-04",2.885,"KM",,"",18.4012,"M",1.6,"M",90,"M",92,"M",175,"FM",6.96,"C",3.38,"C",10,"KT",3,"FT",5,"FT",,"","KG",1816,2017.1,14-JUN-21,"Britt, Lyle",1452,11,"",,,"",,,"",12423,"Britt, Lyle","Y"
19981,,751,519,73,,,17,17,2130,2130,929,,3,0,,,,,3,7,2.899,1,,,,,18.5018,4,9,0.7,1.728,6,488,0.32,116,4,118,5,365.76,5,44,15,5,6.86,14,4.37,6,10,4,150,2,1,2,150,2,4,2,180,2,,,,,,-8,,1,11,50,"C-04",2.899,"KM",,"",18.5018,"M",1.728,"M",116,"M",118,"M",200,"FM",6.86,"C",4.37,"C",10,"KT",1,"FT",4,"FT",,"","",,2017.1,15-JUN-21,"Britt, Lyle",1453,11,"",,,"",,,"",12425,"Britt, Lyle","Y"
19982,,751,519,74,,,17,17,2130,2130,929,,3,0,,,,,3,7,2.995,1,,,,,18.5277,4,0,0,1.848,6,582,0.14,118,4,120,5,365.76,5,44,15,5,7.11,14,4.19,6,10,4,210,2,1,2,210,2,3,2,180,2,,,,,,-8,,1,11,50,"B-04",2.995,"KM",,"",18.5277,"M",1.848,"M",118,"M",120,"M",200,"FM",7.11,"C",4.19,"C",10,"KT",1,"FT",3,"FT",,"","",,2017.1,15-JUN-21,"Britt, Lyle",1453,11,"",,,"",,,"",12426,"Britt, Lyle","Y"
19983,,751,519,75,,,17,17,2130,2130,929,,3,0,,,,,3,7,3.02,1,,,,,18.707,4,46,0.535,2.049,6,175,0.7,127,4,129,5,411.48,5,44,15,5,6.81,14,4.24,6,10,4,225,2,1,2,225,2,3,2,180,2,,,,,,-8,1190,2,11,50,"A-04",3.02,"KM",,"",18.707,"M",2.049,"M",127,"M",129,"M",225,"FM",6.81,"C",4.24,"C",10,"KT",1,"FT",3,"FT",,"","KG",1190,2017.1,15-JUN-21,"Britt, Lyle",1453,11,"",,,"",,,"",12427,"Britt, Lyle","Y"
19984,,751,520,76,,,17,17,2130,2130,929,,3,0,,,,,3,7,2.847,1,,,,,18.7134,4,14,0.79,1.855,6,785,0.27,146,4,148,5,457.2,5,44,15,5,,,3.99,6,5,4,45,2,0,2,-2,2,1,2,90,2,,,,,,-8,,1,11,50,"B-01",2.847,"KM",,"",18.7134,"M",1.855,"M",146,"M",148,"M",250,"FM",,"C",3.99,"C",5,"KT",0,"FT",1,"FT",,"","",,2017.1,19-JUN-21,"Haehn, Rebecca",1454,11,"",,,"",,,"",12428,"Haehn, Rebecca","Y"
19986,,751,520,78,,,17,17,2130,2130,929,,3,0,,,,,3,7,2.875,1,,,,,18.4982,4,1,0,1.711,6,408,0.14,131,4,133,5,411.48,5,44,15,5,8.81,14,4.28,6,10,4,0,2,1,2,22,2,1,2,20,2,,,,,,-8,,1,11,50,"D-01",2.875,"KM",,"",18.4982,"M",1.711,"M",131,"M",133,"M",225,"FM",8.81,"C",4.28,"C",10,"KT",1,"FT",1,"FT",,"","",,2017.1,19-JUN-21,"Haehn, Rebecca",1454,11,"",,,"",,,"",12430,"Haehn, Rebecca","Y"
20001,,751,520,93,,,17,17,2130,2130,929,,3,0,,,,,3,7,2.987,1,,,,,14.8798,4,26,2.36,2.69,4,175,0.51,29,4,33,5,137.16,5,44,15,5,5.93,14,4.35,6,15,4,90,2,2,2,90,2,3,2,90,2,,,,,,-8,2712,2,11,20,"N-02",2.987,"KM",,"",14.8798,"M",2.69,"M",29,"M",33,"M",75,"FM",5.93,"C",4.35,"C",15,"KT",2,"FT",3,"FT",,"","KG",2712,2017.1,22-JUN-21,"Haehn, Rebecca",1457,11,"",,,"",,,"",12445,"Haehn, Rebecca","Y"
20060,,751,520,96,,,16,16,2130,2130,929,,3,0,,,,,3,7,2.93,1,,,,,14.8798,4,18,2.21,2.69,4,29,0.71,22,4,26,5,137.16,5,44,15,5,5.17,14,5.05,6,15,4,0,2,3,2,0,2,4,2,0,2,,,,,,-8,,1,11,20,"P-01",2.93,"KM",,"",14.8798,"M",2.69,"M",22,"M",26,"M",75,"FM",5.17,"C",5.05,"C",15,"KT",3,"FT",4,"FT",,"","",,2017.1,23-JUN-21,"Haehn, Rebecca",1459,11,"",,,"",,,"",12448,"Haehn, Rebecca","Y"
20188,,751,520,124,,,16,16,2130,2130,929,,3,0,,,,,3,7,2.721,1,,,,,18.0497,4,0,0,2.361,6,316,0.11,70,4,72,5,274.32,5,44,15,5,7.79,14,3.93,6,15,4,45,2,2,2,90,2,5,2,45,2,,,,,,-8,,1,11,42,"I-21",2.721,"KM",,"",18.0497,"M",2.361,"M",70,"M",72,"M",150,"FM",7.79,"C",3.93,"C",15,"KT",2,"FT",5,"FT",,"","",,2017.1,30-JUN-21,"Haehn, Rebecca",1471,11,"",,,"",,,"",12476,"Haehn, Rebecca","Y"
20189,,751,520,125,,,16,16,2130,2130,929,,3,0,,,,,3,7,2.734,1,,,,,17.4416,4,17,1.19,2.555,6,1251,0.13,70,4,73,5,228.6,5,44,15,5,7.78,14,3.66,6,15,4,90,2,2,2,20,2,5,2,45,2,,,,,,-8,,1,11,42,"JI2120",2.734,"KM",,"",17.4416,"M",2.555,"M",70,"M",73,"M",125,"FM",7.78,"C",3.66,"C",15,"KT",2,"FT",5,"FT",,"","",,2017.1,01-JUL-21,"Haehn, Rebecca",1471,11,"",,,"",,,"",12477,"Haehn, Rebecca","Y"
20191,,751,520,127,,,15,15,2130,2130,929,,3,0,,,,,3,7,2.786,1,,,,,18.0907,4,16,0.68,2.238,6,413,0.14,72,4,74,5,274.32,5,44,15,5,8.16,14,3.4,6,20,4,90,2,2,2,112,2,5,2,90,2,,,,,,-8,,1,11,41,"K-21",2.786,"KM",,"",18.0907,"M",2.238,"M",72,"M",74,"M",150,"FM",8.16,"C",3.4,"C",20,"KT",2,"FT",5,"FT",,"","",,2017.1,01-JUL-21,"Haehn, Rebecca",1471,11,"",,,"",,,"",12479,"Haehn, Rebecca","Y"
20194,,751,520,130,,,15,15,2130,2130,929,,3,0,,,,,3,7,2.871,1,,,,,17.4644,4,17,0.67,2.525,6,928,0.1,65,4,68,5,228.6,5,44,15,5,7.43,14,3.72,6,15,4,90,2,2,2,67,2,5,2,135,2,,,,,,-8,,1,11,41,"N-21",2.871,"KM",,"",17.4644,"M",2.525,"M",65,"M",68,"M",125,"FM",7.43,"C",3.72,"C",15,"KT",2,"FT",5,"FT",,"","",,2017.1,02-JUL-21,"Haehn, Rebecca",1472,11,"",,,"",,,"",12482,"Haehn, Rebecca","Y"
20196,,751,520,132,,,15,15,2130,2130,929,,3,0,,,,,3,7,2.896,1,,,,,17.4469,4,6,0.26,2.548,6,645,0.1,62,4,65,5,228.6,5,44,15,5,7.61,14,3.34,6,5,4,180,2,2,2,90,2,4,2,135,2,,,,,,-8,,1,11,41,"P-21",2.896,"KM",,"",17.4469,"M",2.548,"M",62,"M",65,"M",125,"FM",7.61,"C",3.34,"C",5,"KT",2,"FT",4,"FT",,"","",,2017.1,02-JUL-21,"Haehn, Rebecca",1472,11,"",,,"",,,"",12484,"Haehn, Rebecca","Y"
20280,,751,521,155,,,21,21,2130,2130,929,,3,0,,,,,3,7,2.763,1,,,,,18.5876,4,2,0.92,2.126,6,351,0.11,120,4,122,5,365.76,5,44,15,5,9.15,14,3.99,6,0,4,-2,2,1,2,180,2,1,2,247,2,,,,,,-8,,1,11,61,"G-25",2.763,"KM",,"",18.5876,"M",2.126,"M",120,"M",122,"M",200,"FM",9.15,"C",3.99,"C",0,"KT",1,"FT",1,"FT",,"","",,2017.1,12-JUL-21,"Haehn, Rebecca",1480,11,"",,,"",,,"",12507,"Haehn, Rebecca","Y"
20282,,751,521,157,,,21,21,2130,2130,929,,3,0,,,,,3,7,2.817,1,,,,,18.6179,4,0,0,2.267,6,168,0.17,115,4,117,5,365.76,5,44,15,5,8.93,14,3.59,6,5,4,270,2,1,2,180,2,1,2,225,2,,,,,,-8,,1,11,61,"H-25",2.817,"KM",,"",18.6179,"M",2.267,"M",115,"M",117,"M",200,"FM",8.93,"C",3.59,"C",5,"KT",1,"FT",1,"FT",,"","",,2017.1,13-JUL-21,"Haehn, Rebecca",1481,11,"",,,"",,,"",12509,"Haehn, Rebecca","Y"
20283,,751,521,158,,,21,21,2130,2130,929,,3,0,,,,,3,7,2.998,1,,,,,18.5733,4,0,0,2.06,6,247,0.18,118,4,120,5,365.76,5,44,15,5,9.17,14,3.56,6,5,4,315,2,0,2,-2,2,1,2,292,2,,,,,,-8,1753,2,11,61,"I-25",2.998,"KM",,"",18.5733,"M",2.06,"M",118,"M",120,"M",200,"FM",9.17,"C",3.56,"C",5,"KT",0,"FT",1,"FT",,"","KG",1753,2017.1,13-JUL-21,"Haehn, Rebecca",1481,11,"",,,"",,,"",12510,"Haehn, Rebecca","Y"
20369,,751,521,162,,,21,21,2130,2130,929,,3,0,,,,,3,7,2.902,1,,,,,18.6007,4,5,0.67,2.187,6,161,0.18,110,4,112,5,365.76,5,44,15,5,9.93,14,3.07,6,5,4,180,2,1,2,225,2,2,2,270,2,,,,,,-8,,1,11,61,"L-25",2.902,"KM",,"",18.6007,"M",2.187,"M",110,"M",112,"M",200,"FM",9.93,"C",3.07,"C",5,"KT",1,"FT",2,"FT",,"","",,2017.1,14-JUL-21,"Haehn, Rebecca",1483,11,"",,,"",,,"",12514,"Haehn, Rebecca","Y"
20443,,751,521,175,,,19,19,2130,2130,929,,3,0,,,,,3,7,2.824,1,,,,,18.3869,4,18,0.48,2.325,6,232,0.45,105,4,107,5,320.04,5,44,15,5,9.32,14,1.74,6,20,4,225,2,4,2,247,2,8,2,202,2,,,,,,-8,,1,11,61,"R-28",2.824,"KM",,"",18.3869,"M",2.325,"M",105,"M",107,"M",175,"FM",9.32,"C",1.74,"C",20,"KT",4,"FT",8,"FT",,"","",,2017.1,16-JUL-21,"Haehn, Rebecca",1487,11,"",,,"",,,"",12527,"Haehn, Rebecca","Y"
20460,,751,521,179,,,19,19,2130,2130,929,,3,0,,,,,3,7,2.751,1,,,,,18.8009,4,2,0.49,2.287,6,127,0.61,130,4,132,5,411.48,5,44,15,5,9.17,14,3.01,6,20,4,180,2,4,2,180,2,8,2,180,2,,,,,,-8,,1,11,61,"N-28",2.751,"KM",,"",18.8009,"M",2.287,"M",130,"M",132,"M",225,"FM",9.17,"C",3.01,"C",20,"KT",4,"FT",8,"FT",,"","",,2017.1,17-JUL-21,"Haehn, Rebecca",1491,11,"",,,"",,,"",12531,"Haehn, Rebecca","Y"
20461,,751,521,180,,,19,19,2130,2130,929,,3,0,,,,,3,7,2.822,1,,,,,18.791,4,7,0.49,2.262,6,21,0.2,130,4,132,5,411.48,5,44,15,5,9.2,14,2.06,6,20,4,180,2,4,2,180,2,8,2,180,2,,,,,,-8,,1,11,61,"M-29",2.822,"KM",,"",18.791,"M",2.262,"M",130,"M",132,"M",225,"FM",9.2,"C",2.06,"C",20,"KT",4,"FT",8,"FT",,"","",,2017.1,18-JUL-21,"Yeung, Cynthia",1491,11,"",,,"",,,"",12532,"Yeung, Cynthia","Y"
20837,,751,527,226,,,14,14,2130,2130,929,,20,0,,,,,3,7,1.352,1,,,,,18.0323,5,10,1.13,2.413,6,92,0.15,84,4,86,5,274.32,5,44,15,5,11.83,14,3.46,6,25,4,220,2,4,2,220,2,10,2,220,2,,,,,,-8,2060,2,11,31,"E-06",1.352,"KM",,"",18.0323,"M",2.413,"M",84,"M",86,"M",150,"FM",11.83,"C",3.46,"C",25,"KT",4,"FT",10,"FT",,"","KG",2060,2017.1,19-AUG-21,"Britt, Lyle",1556,11,"",,,"",,,"",12637,"Britt, Lyle","N"
20831,,751,527,220,,,14,14,2130,2130,929,,20,0,,,,,3,7,2.778,1,,,,,17.5247,5,0,0,2.446,6,341,0.2,64,4,66,5,228.6,5,44,15,5,11.39,14,3.25,6,10,4,60,2,1,2,60,2,2,2,60,2,,,,,,-8,1936,2,11,31,"I-03",2.778,"KM",,"",17.5247,"M",2.446,"M",64,"M",66,"M",125,"FM",11.39,"C",3.25,"C",10,"KT",1,"FT",2,"FT",,"","KG",1936,2017.1,18-AUG-21,"Britt, Lyle",1555,11,"",,,"",,,"",12631,"Britt, Lyle","N"
20996,,751,527,231,,,14,14,2130,2130,929,,20,0,,,,,3,7,1.503,1,,,,,18.748,5,6,0.2404,2.153,6,104,0.21,131,4,133,5,411.48,5,44,15,5,9.87,14,4.75,6,20,4,120,2,2,2,120,2,6,2,120,2,,,,,,-8,,1,11,50,"B-03",1.503,"KM",,"",18.748,"M",2.153,"M",131,"M",133,"M",225,"FM",9.87,"C",4.75,"C",20,"KT",2,"FT",6,"FT",,"","",,2017.1,20-AUG-21,"Britt, Lyle",1561,11,"",,,"",,,"",12642,"Britt, Lyle","N"
19885,,751,519,18,,,20,20,2130,2130,929,,3,-5.41,,,,,3,7,0.445,1,,,,,11.4,6,8,1.15,3.244,6,18,0.81,47,4,50,5,182.88,5,44,15,5,5.52,14,4.14,6,0,4,-2,2,0,2,-2,2,0,2,-3,2,,,,,,-8,,0,11,10,"I-11",0.445,"KM",,"",11.4,"M",3.244,"M",47,"M",50,"M",100,"FM",5.52,"C",4.14,"C",0,"KT",0,"FT",0,"FT",,"","",,2017.1,03-JUN-21,"Britt, Lyle",1439,11,"",,,"",,,"",12370,"Britt, Lyle","N"
20103,,751,520,116,,,16,16,2130,2130,929,,3,-5.4,,,,,3,7,0.673,1,,,,,13.511,6,19,2.64,2.668,6,101,0.6,77,4,80,5,274.32,5,44,15,5,7.35,14,4.97,6,10,4,202,2,1,2,180,2,4,2,180,2,,,,,,-8,,0,11,32,"F-20",0.673,"KM",,"",13.511,"M",2.668,"M",77,"M",80,"M",150,"FM",7.35,"C",4.97,"C",10,"KT",1,"FT",4,"FT",,"","",,2017.1,27-JUN-21,"Haehn, Rebecca",1464,11,"",,,"",,,"",12468,"Haehn, Rebecca","N"
20245,,751,520,141,,,15,15,2130,2130,929,,3,-2.7,,,,,3,7,2.979,1,,,,,15.308,6,12,4.37,2.734,6,454,0.28,76,4,79,5,274.32,5,44,15,5,8.39,14,1.92,6,5,4,90,2,2,2,157,2,3,2,180,2,,,,,,-8,,0,11,43,"PO2524",2.979,"KM",,"",15.308,"M",2.734,"M",76,"M",79,"M",150,"FM",8.39,"C",1.92,"C",5,"KT",2,"FT",3,"FT",,"","",,2017.1,05-JUL-21,"Haehn, Rebecca",1476,11,"",,,"",,,"",12493,"Haehn, Rebecca","N"
20277,,751,521,152,,,21,21,2130,2130,929,,3,-3.13,,,,,3,7,2.794,1,,,,,17.811,6,130,0.94,2.267,6,358,0.17,124,4,126,5,365.76,5,44,15,5,8.63,14,4.15,6,10,4,202,2,1,2,180,2,1,2,202,2,,,,,,-8,,0,11,61,"F-24",2.794,"KM",,"",17.811,"M",2.267,"M",124,"M",126,"M",200,"FM",8.63,"C",4.15,"C",10,"KT",1,"FT",1,"FT",,"","",,2017.1,09-JUL-21,"Haehn, Rebecca",1480,11,"",,,"",,,"",12504,"Haehn, Rebecca","N"
20284,,751,521,159,,,21,21,2130,2130,929,,3,-3.13,,,,,3,7,2.802,1,,,,,17.6,6,200,0.83,2.645,6,328,0.14,106,4,109,5,320.04,5,44,15,5,9.55,14,3.32,6,5,4,247,2,0,2,-2,2,1,2,270,2,,,,,,-8,,0,11,61,"J-25",2.802,"KM",,"",17.6,"M",2.645,"M",106,"M",109,"M",175,"FM",9.55,"C",3.32,"C",5,"KT",0,"FT",1,"FT",,"","",,2017.1,13-JUL-21,"Haehn, Rebecca",1481,11,"",,,"",,,"",12511,"Haehn, Rebecca","N"
20994,,751,527,229,,,14,14,2130,2130,929,,20,0,,,,,3,7,1.511,1,,,,,19.274,7,47,0.8546,2.108,6,133,0.29,132,4,134,5,411.48,5,44,15,5,11.16,14,4.56,6,10,4,270,2,2,2,270,2,4,2,270,2,,,,,,-8,,1,11,50,"C-02",1.511,"KM",,"",19.274,"M",2.108,"M",132,"M",134,"M",225,"FM",11.16,"C",4.56,"C",10,"KT",2,"FT",4,"FT",,"","",,2017.1,20-AUG-21,"Britt, Lyle",1561,11,"",,,"",,,"",12640,"Britt, Lyle","N"
20995,,751,527,230,,,14,14,2130,2130,929,,20,0,,,,,3,7,2.864,1,,,,,18.6762,7,41,0.5099,2.21,6,126,0.66,137,4,139,5,411.48,5,44,15,5,11.4,14,4.35,6,20,4,120,2,3,2,120,2,4,2,120,2,,,,,,-8,,1,11,50,"B-02",2.864,"KM",,"",18.6762,"M",2.21,"M",137,"M",139,"M",225,"FM",11.4,"C",4.35,"C",20,"KT",3,"FT",4,"FT",,"","",,2017.1,20-AUG-21,"Britt, Lyle",1561,11,"",,,"",,,"",12641,"Britt, Lyle","N"
20278,,751,521,153,,,21,21,2130,2130,929,,3,3.13,,,,,3,7,1.617,1,,,,,17.1746,7,133,0.4634,2.343,6,567,0.14,124,4,126,5,365.76,5,44,15,5,8.56,14,4.14,6,10,4,180,2,1,2,180,2,2,2,202,2,,,,,,-8,,1,11,61,"F-24",1.617,"KM",,"",17.1746,"M",2.343,"M",124,"M",126,"M",200,"FM",8.56,"C",4.14,"C",10,"KT",1,"FT",2,"FT",,"","",,2017.1,12-JUL-21,"Haehn, Rebecca",1480,11,"",,,"",,,"",12505,"Haehn, Rebecca","Y"
20279,,751,521,154,,,21,21,2130,2130,929,,3,0,,,,,3,7,2.853,1,,,,,18.0689,7,87,0.6921,2.172,6,665,0.16,134,4,136,5,411.48,5,44,15,5,8.88,14,4.03,6,5,4,225,2,1,2,202,2,1,2,202,2,,,,,,-8,,1,11,61,"F-25",2.853,"KM",,"",18.0689,"M",2.172,"M",134,"M",136,"M",225,"FM",8.88,"C",4.03,"C",5,"KT",1,"FT",1,"FT",,"","",,2017.1,12-JUL-21,"Haehn, Rebecca",1480,11,"",,,"",,,"",12506,"Haehn, Rebecca","Y"
20281,,751,521,156,,,21,21,2130,2130,929,,3,0,,,,,3,7,2.849,1,,,,,17.2644,7,339,0.5605,2.022,6,1050,0.13,115,4,117,5,365.76,5,44,15,5,9.19,14,4.09,6,10,4,180,2,1,2,180,2,2,2,225,2,,,,,,-8,,1,11,61,"G-24",2.849,"KM",,"",17.2644,"M",2.022,"M",115,"M",117,"M",200,"FM",9.19,"C",4.09,"C",10,"KT",1,"FT",2,"FT",,"","",,2017.1,12-JUL-21,"Haehn, Rebecca",1480,11,"",,,"",,,"",12508,"Haehn, Rebecca","Y"
20285,,751,521,160,,,21,21,2130,2130,929,,3,0,,,,,3,7,2.949,1,,,,,17.6567,7,436,0.3749,2.246,6,1124,0.14,106,4,108,5,320.04,5,44,15,5,9.74,14,3.32,6,0,4,-2,2,0,2,-2,2,1,2,270,2,,,,,,-8,1549,2,11,61,"J-25",2.949,"KM",,"",17.6567,"M",2.246,"M",106,"M",108,"M",175,"FM",9.74,"C",3.32,"C",0,"KT",0,"FT",1,"FT",,"","KG",1549,2017.1,13-JUL-21,"Haehn, Rebecca",1481,11,"",,,"",,,"",12512,"Haehn, Rebecca","Y"
20286,,751,521,161,,,21,21,2130,2130,929,,3,0,,,,,3,7,2.932,1,,,,,17.7274,7,494,0.575,2.305,6,201,0.2,106,4,108,5,365.76,5,44,15,5,9.9,14,3.16,6,5,4,270,2,1,2,247,2,2,2,247,2,,,,,,-8,,1,11,61,"K-25",2.932,"KM",,"",17.7274,"M",2.305,"M",106,"M",108,"M",200,"FM",9.9,"C",3.16,"C",5,"KT",1,"FT",2,"FT",,"","",,2017.1,13-JUL-21,"Haehn, Rebecca",1481,11,"",,,"",,,"",12513,"Haehn, Rebecca","Y"
20370,,751,521,163,,,21,21,2130,2130,929,,3,0,,,,,3,7,2.278,1,,,,,16.9193,7,33,0.2736,2.24,6,222,0.23,123,4,125,5,365.76,5,44,15,5,9.47,14,3.51,6,10,4,180,2,1,2,180,2,2,2,202,2,,,,,,-8,,1,11,61,"L-26",2.278,"KM",,"",16.9193,"M",2.24,"M",123,"M",125,"M",200,"FM",9.47,"C",3.51,"C",10,"KT",1,"FT",2,"FT",,"","",,2017.1,14-JUL-21,"Haehn, Rebecca",1483,11,"",,,"",,,"",12515,"Haehn, Rebecca","Y"
20371,,751,521,164,,,21,21,2130,2130,929,,3,0,,,,,3,7,2.87,1,,,,,17.8095,7,319,0.3203,2.166,6,512,0.12,116,4,118,5,365.76,5,44,15,5,9.78,14,3.02,6,5,4,180,2,1,2,180,2,1,2,180,2,,,,,,-8,,1,11,61,"M-26",2.87,"KM",,"",17.8095,"M",2.166,"M",116,"M",118,"M",200,"FM",9.78,"C",3.02,"C",5,"KT",1,"FT",1,"FT",,"","",,2017.1,14-JUL-21,"Haehn, Rebecca",1483,11,"",,,"",,,"",12516,"Haehn, Rebecca","Y"
20372,,751,521,165,,,21,21,2130,2130,929,,3,0,,,,,3,7,2.779,1,,,,,17.8503,7,258,0.3454,2.193,6,1314,0.13,105,4,107,5,320.04,5,44,15,5,9.86,14,2.73,6,10,4,180,2,2,2,180,2,1,2,180,2,,,,,,-8,1820,2,11,61,"M-25",2.779,"KM",,"",17.8503,"M",2.193,"M",105,"M",107,"M",175,"FM",9.86,"C",2.73,"C",10,"KT",2,"FT",1,"FT",,"","KG",1820,2017.1,14-JUL-21,"Haehn, Rebecca",1483,11,"",,,"",,,"",12517,"Haehn, Rebecca","Y"
20373,,751,521,166,,,21,21,2130,2130,929,,3,0,,,,,3,7,2.85,1,,,,,17.8986,7,156,0.4863,2.234,6,58,0.74,98,4,100,5,320.04,5,44,15,5,9.93,14,2.31,6,10,4,180,2,2,2,180,2,1,2,180,2,,,,,,-8,,1,11,43,"N-25",2.85,"KM",,"",17.8986,"M",2.234,"M",98,"M",100,"M",175,"FM",9.93,"C",2.31,"C",10,"KT",2,"FT",1,"FT",,"","",,2017.1,14-JUL-21,"Haehn, Rebecca",1483,11,"",,,"",,,"",12518,"Haehn, Rebecca","Y"
20432,,751,521,167,,,21,21,2130,2130,929,,3,0,,,,,3,7,2.859,1,,,,,17.8993,7,40,0.3967,2.08,6,125,0.23,109,4,111,5,365.76,5,44,15,5,9.84,14,2.56,6,15,4,157,2,2,2,180,2,2,2,180,2,,,,,,-8,,1,11,62,"N-26",2.859,"KM",,"",17.8993,"M",2.08,"M",109,"M",111,"M",200,"FM",9.84,"C",2.56,"C",15,"KT",2,"FT",2,"FT",,"","",,2017.1,15-JUL-21,"Haehn, Rebecca",1486,11,"",,,"",,,"",12519,"Haehn, Rebecca","Y"
20433,,751,521,168,,,21,21,2130,2130,929,,3,0,,,,,3,7,2.902,1,,,,,17.8263,7,299,0.409,2.109,6,1316,0.2,118,4,120,5,365.76,5,44,15,5,9.35,14,2.91,6,10,4,180,2,2,2,180,2,2,2,180,2,,,,,,-8,1672,2,11,62,"N-27",2.902,"KM",,"",17.8263,"M",2.109,"M",118,"M",120,"M",200,"FM",9.35,"C",2.91,"C",10,"KT",2,"FT",2,"FT",,"","KG",1672,2017.1,15-JUL-21,"Haehn, Rebecca",1486,11,"",,,"",,,"",12520,"Haehn, Rebecca","Y"
20434,,751,521,169,,,21,21,2130,2130,929,,3,0,,,,,3,7,2.871,1,,,,,18.0319,7,240,0.394,2.031,6,1629,0.12,113,4,115,5,365.76,5,44,15,5,9.59,14,2.48,6,10,4,157,2,2,2,180,2,3,2,157,2,,,,,,-8,,1,11,62,"O-27",2.871,"KM",,"",18.0319,"M",2.031,"M",113,"M",115,"M",200,"FM",9.59,"C",2.48,"C",10,"KT",2,"FT",3,"FT",,"","",,2017.1,15-JUL-21,"Haehn, Rebecca",1486,11,"",,,"",,,"",12521,"Haehn, Rebecca","Y"
20435,,751,521,170,,,21,21,2130,2130,929,,3,0,,,,,3,7,2.805,1,,,,,17.9064,7,415,0.2697,2.016,6,1089,0.12,107,4,109,5,320.04,5,44,15,5,9.55,14,2.07,6,5,4,202,2,2,2,157,2,3,2,180,2,,,,,,-8,,1,11,62,"P-27",2.805,"KM",,"",17.9064,"M",2.016,"M",107,"M",109,"M",175,"FM",9.55,"C",2.07,"C",5,"KT",2,"FT",3,"FT",,"","",,2017.1,15-JUL-21,"Haehn, Rebecca",1486,11,"",,,"",,,"",12522,"Haehn, Rebecca","Y"
20439,,751,521,171,,,19,19,2130,2130,929,,3,0,,,,,3,7,2.851,1,,,,,17.3038,7,303,0.2809,2.134,6,384,0.16,101,4,103,5,320.04,5,44,15,5,9.28,14,1.93,6,15,4,180,2,2,2,225,2,4,2,202,2,,,,,,-8,,1,11,62,"Q-27",2.851,"KM",,"",17.3038,"M",2.134,"M",101,"M",103,"M",175,"FM",9.28,"C",1.93,"C",15,"KT",2,"FT",4,"FT",,"","",,2017.1,15-JUL-21,"Haehn, Rebecca",1487,11,"",,,"",,,"",12523,"Haehn, Rebecca","Y"
20440,,751,521,172,,,19,19,2130,2130,929,,3,0,,,,,3,7,2.843,1,,,,,17.6353,7,112,0.3194,2.083,6,82,0.23,96,4,98,5,320.04,5,44,15,5,9.16,14,1.78,6,10,4,202,2,2,2,180,2,5,2,202,2,,,,,,-8,2146,2,11,41,"R-27",2.843,"KM",,"",17.6353,"M",2.083,"M",96,"M",98,"M",175,"FM",9.16,"C",1.78,"C",10,"KT",2,"FT",5,"FT",,"","KG",2146,2017.1,16-JUL-21,"Haehn, Rebecca",1487,11,"",,,"",,,"",12524,"Haehn, Rebecca","Y"
20441,,751,521,173,,,19,19,2130,2130,929,,3,0,,,,,3,7,2.629,1,,,,,18.044,7,239,0.4873,2.273,6,724,0.17,90,4,92,5,320.04,5,44,15,5,9.12,14,1.72,6,15,4,180,2,3,2,202,2,5,2,180,2,,,,,,-8,,1,11,82,"S-27",2.629,"KM",,"",18.044,"M",2.273,"M",90,"M",92,"M",175,"FM",9.12,"C",1.72,"C",15,"KT",3,"FT",5,"FT",,"","",,2017.1,16-JUL-21,"Haehn, Rebecca",1487,11,"",,,"",,,"",12525,"Haehn, Rebecca","Y"
20442,,751,521,174,,,19,19,2130,2130,929,,3,0,,,,,3,7,2.772,1,,,,,17.737,7,12,0.183,2.184,6,231,0.41,100,4,102,5,320.04,5,44,15,5,9.25,14,1.54,6,20,4,180,2,4,2,180,2,8,2,225,2,,,,,,-8,,1,11,90,"S-28",2.772,"KM",,"",17.737,"M",2.184,"M",100,"M",102,"M",175,"FM",9.25,"C",1.54,"C",20,"KT",4,"FT",8,"FT",,"","",,2017.1,16-JUL-21,"Haehn, Rebecca",1487,11,"",,,"",,,"",12526,"Haehn, Rebecca","Y"
20457,,751,521,176,,,19,19,2130,2130,929,,3,0,,,,,3,7,2.788,1,,,,,17.6346,7,232,0.4374,2.077,6,226,0.19,109,4,111,5,365.76,5,44,15,5,9.26,14,2.03,6,15,4,202,2,2,2,225,2,4,2,225,2,,,,,,-8,1856,2,11,61,"Q-28",2.788,"KM",,"",17.6346,"M",2.077,"M",109,"M",111,"M",200,"FM",9.26,"C",2.03,"C",15,"KT",2,"FT",4,"FT",,"","KG",1856,2017.1,16-JUL-21,"Haehn, Rebecca",1491,11,"",,,"",,,"",12528,"Haehn, Rebecca","Y"
20458,,751,521,177,,,19,19,2130,2130,929,,3,0,,,,,3,7,2.592,1,,,,,18.204,7,126,0.4152,2.234,6,996,0.12,115,4,117,5,365.76,5,44,15,5,9.23,14,2.25,6,20,4,180,2,2,2,180,2,4,2,180,2,,,,,,-8,,1,11,61,"P-28",2.592,"KM",,"",18.204,"M",2.234,"M",115,"M",117,"M",200,"FM",9.23,"C",2.25,"C",20,"KT",2,"FT",4,"FT",,"","",,2017.1,17-JUL-21,"Haehn, Rebecca",1491,11,"",,,"",,,"",12529,"Haehn, Rebecca","Y"
20459,,751,521,178,,,19,19,2130,2130,929,,3,0,,,,,3,7,2.657,1,,,,,18.2286,7,307,0.4202,2.259,6,999,0.14,123,4,125,5,365.76,5,44,15,5,9.21,14,2.76,6,20,4,180,2,3,2,180,2,7,2,202,2,,,,,,-8,,1,11,61,"O-28",2.657,"KM",,"",18.2286,"M",2.259,"M",123,"M",125,"M",200,"FM",9.21,"C",2.76,"C",20,"KT",3,"FT",7,"FT",,"","",,2017.1,17-JUL-21,"Haehn, Rebecca",1491,11,"",,,"",,,"",12530,"Haehn, Rebecca","Y"
20462,,751,521,181,,,19,19,2130,2130,929,,3,0,,,,,3,7,2.839,1,,,,,19.1718,7,106,0.4151,2.186,6,191,0.21,134,4,136,5,411.48,5,44,15,5,9.24,14,1.81,6,10,4,157,2,4,2,157,2,6,2,157,2,,,,,,-8,,1,11,61,"N-29",2.839,"KM",,"",19.1718,"M",2.186,"M",134,"M",136,"M",225,"FM",9.24,"C",1.81,"C",10,"KT",4,"FT",6,"FT",,"","",,2017.1,18-JUL-21,"Yeung, Cynthia",1491,11,"",,,"",,,"",12533,"Yeung, Cynthia","Y"
20463,,751,521,182,,,19,19,2130,2130,929,,3,0,,,,,3,7,2.795,1,,,,,17.9551,7,195,0.2844,1.952,6,446,0.25,135,4,137,5,411.48,5,44,15,5,9.3,14,2.27,6,5,4,180,2,3,2,152,2,4,2,152,2,,,,,,-8,1626,2,11,61,"O-29",2.795,"KM",,"",17.9551,"M",1.952,"M",135,"M",137,"M",225,"FM",9.3,"C",2.27,"C",5,"KT",3,"FT",4,"FT",,"","KG",1626,2017.1,18-JUL-21,"Yeung, Cynthia",1491,11,"",,,"",,,"",12534,"Yeung, Cynthia","Y"
20464,,751,521,183,,,19,19,2130,2130,929,,3,0,,,,,3,7,2.909,1,,,,,18.3457,7,47,0.1964,2.08,6,345,0.14,128,4,130,5,411.48,5,44,15,5,9.32,14,2.5,6,5,4,157,2,4,2,157,2,3,2,157,2,,,,,,-8,,1,11,61,"P-29",2.909,"KM",,"",18.3457,"M",2.08,"M",128,"M",130,"M",225,"FM",9.32,"C",2.5,"C",5,"KT",4,"FT",3,"FT",,"","",,2017.1,18-JUL-21,"Yeung, Cynthia",1491,11,"",,,"",,,"",12535,"Yeung, Cynthia","Y"
20470,,751,521,184,,,19,19,2130,2130,929,,3,0,,,,,3,7,2.786,1,,,,,17.7144,7,255,0.288,2.077,6,636,0.12,119,4,121,5,365.76,5,44,15,5,9.44,14,2.28,6,20,4,157,2,5,2,157,2,6,2,157,2,,,,,,-8,,1,11,61,"Q-29",2.786,"KM",,"",17.7144,"M",2.077,"M",119,"M",121,"M",200,"FM",9.44,"C",2.28,"C",20,"KT",5,"FT",6,"FT",,"","",,2017.1,19-JUL-21,"Yeung, Cynthia",1493,11,"",,,"",,,"",12536,"Yeung, Cynthia","Y"
20473,,751,521,187,,,19,19,2130,2130,929,,3,0,,,,,3,7,2.837,1,,,,,17.6996,7,210,0.2861,2.038,6,303,0.15,117,4,119,5,365.76,5,44,15,5,9.42,14,1.94,6,10,4,150,2,4,2,150,2,4,2,150,2,,,,,,-8,,1,11,61,"R-29",2.837,"KM",,"",17.6996,"M",2.038,"M",117,"M",119,"M",200,"FM",9.42,"C",1.94,"C",10,"KT",4,"FT",4,"FT",,"","",,2017.1,19-JUL-21,"Yeung, Cynthia",1493,11,"",,,"",,,"",12539,"Yeung, Cynthia","Y"
20474,,751,521,188,,,19,19,2130,2130,929,,3,0,,,,,3,7,2.696,1,,,,,17.841,7,192,0.2817,2.052,6,449,0.14,111,4,113,5,365.76,5,44,15,5,9.4,14,1.58,6,5,4,180,2,3,2,202,2,4,2,157,2,,,,,,-8,,1,11,90,"S-29",2.696,"KM",,"",17.841,"M",2.052,"M",111,"M",113,"M",200,"FM",9.4,"C",1.58,"C",5,"KT",3,"FT",4,"FT",,"","",,2017.1,19-JUL-21,"Yeung, Cynthia",1493,11,"",,,"",,,"",12540,"Yeung, Cynthia","Y"
20554,,751,521,189,,,19,19,2130,2130,929,,3,0,,,,,3,7,2.18,1,,,,,18.3643,7,99,0.422,2.225,6,71,0.84,96,4,98,5,320.04,5,44,15,5,9.23,14,1.47,6,0,4,,,1,2,135,2,1,2,135,2,,,,,,-8,,1,11,90,"T-28",2.18,"KM",,"",18.3643,"M",2.225,"M",96,"M",98,"M",175,"FM",9.23,"C",1.47,"C",0,"KT",1,"FT",1,"FT",,"","",,2017.1,20-JUL-21,"Yeung, Cynthia",1495,11,"",,,"",,,"",12541,"Yeung, Cynthia","Y"
20555,,751,521,190,,,19,19,2130,2130,929,,3,0,,,,,3,7,2.72,1,,,,,17.8906,7,211,0.4599,2.09,6,332,0.22,85,4,87,5,274.32,5,44,15,5,9.24,14,1.18,6,5,4,90,2,1,2,90,2,1,2,90,2,,,,,,-8,2428,2,11,82,"T-27",2.72,"KM",,"",17.8906,"M",2.09,"M",85,"M",87,"M",150,"FM",9.24,"C",1.18,"C",5,"KT",1,"FT",1,"FT",,"","KG",2428,2017.1,20-JUL-21,"Yeung, Cynthia",1495,11,"",,,"",,,"",12542,"Yeung, Cynthia","Y"
20556,,751,521,191,,,19,19,2130,2130,929,,3,0,,,,,3,7,2.796,1,,,,,18.8318,7,207,0.2762,1.968,6,137,0.32,83,4,85,5,274.32,5,44,15,5,9.1,14,0.25,6,5,4,350,2,1,2,180,2,1,2,180,2,,,,,,-8,,1,11,82,"U-27",2.796,"KM",,"",18.8318,"M",1.968,"M",83,"M",85,"M",150,"FM",9.1,"C",0.25,"C",5,"KT",1,"FT",1,"FT",,"","",,2017.1,20-JUL-21,"Yeung, Cynthia",1495,11,"",,,"",,,"",12543,"Yeung, Cynthia","Y"
20557,,751,521,192,,,19,19,2130,2130,929,,3,0,,,,,3,7,2.777,1,,,,,17.4685,7,86,0.4597,2.266,6,101,0.23,75,4,77,5,274.32,5,44,15,5,8.73,14,-0.2,6,10,4,330,2,1,2,330,2,2,2,180,2,,,,,,-8,,1,11,82,"U-26",2.777,"KM",,"",17.4685,"M",2.266,"M",75,"M",77,"M",150,"FM",8.73,"C",-0.2,"C",10,"KT",1,"FT",2,"FT",,"","",,2017.1,20-JUL-21,"Yeung, Cynthia",1495,11,"",,,"",,,"",12544,"Yeung, Cynthia","Y"
20570,,751,521,193,,,19,19,2130,2130,929,,3,0,,,,,3,7,2.848,1,,,,,17.2891,7,28,0.2846,2.285,6,376,0.16,71,4,73,5,228.6,5,44,15,5,8.58,14,-0.62,6,15,4,300,2,4,2,300,2,5,2,300,2,,,,,,-8,,1,11,82,"V-26",2.848,"KM",,"",17.2891,"M",2.285,"M",71,"M",73,"M",125,"FM",8.58,"C",-0.62,"C",15,"KT",4,"FT",5,"FT",,"","",,2017.1,21-JUL-21,"Yeung, Cynthia",1501,11,"",,,"",,,"",12545,"Yeung, Cynthia","Y"
20571,,751,521,194,,,19,19,2130,2130,929,,3,0,,,,,3,7,2.672,1,,,,,17.4678,7,354,0.4808,2.278,6,903,0.14,61,4,63,5,228.6,5,44,15,5,8.46,14,-0.31,6,15,4,315,2,6,2,315,2,6,2,315,2,,,,,,-8,,1,11,82,"V-25",2.672,"KM",,"",17.4678,"M",2.278,"M",61,"M",63,"M",125,"FM",8.46,"C",-0.31,"C",15,"KT",6,"FT",6,"FT",,"","",,2017.1,21-JUL-21,"Yeung, Cynthia",1501,11,"",,,"",,,"",12546,"Yeung, Cynthia","Y"
20572,,751,521,195,,,19,19,2130,2130,929,,3,0,,,,,3,7,2.845,1,,,,,17.4094,7,378,0.5918,2.351,6,1005,0.11,67,4,69,5,228.6,5,44,15,5,8.63,14,0.31,6,15,4,270,2,4,2,270,2,4,2,315,2,,,,,,-8,,1,11,82,"U-25",2.845,"KM",,"",17.4094,"M",2.351,"M",67,"M",69,"M",125,"FM",8.63,"C",0.31,"C",15,"KT",4,"FT",4,"FT",,"","",,2017.1,21-JUL-21,"Yeung, Cynthia",1501,11,"",,,"",,,"",12547,"Yeung, Cynthia","Y"
20679,,751,527,196,,,21,21,2130,2130,929,,17,0,,,,,3,7,2.737,1,,,,,17.2569,7,58,0.69,2.343,6,479,0.13,63,4,65,5,228.6,5,44,15,5,11.81,14,4.41,6,20,4,90,2,6,2,90,2,8,2,90,2,,,,,,-8,1230,2,11,31,"G-08",2.737,"KM",,"",17.2569,"M",2.343,"M",63,"M",65,"M",125,"FM",11.81,"C",4.41,"C",20,"KT",6,"FT",8,"FT",,"","KG",1230,2017.1,07-AUG-21,"Britt, Lyle",1537,11,"",,,"",,,"",12584,"Britt, Lyle","N"
20680,,751,527,197,,,21,21,2130,2130,929,,17,0,,,,,3,7,3.069,1,,,,,17.108,7,244,0.88,2.314,6,504,0.28,58,4,60,5,228.6,5,44,15,5,12.12,14,5.31,6,15,4,180,2,3,2,180,2,5,2,180,2,,,,,,-8,3178,2,11,31,"G-09",3.069,"KM",,"",17.108,"M",2.314,"M",58,"M",60,"M",125,"FM",12.12,"C",5.31,"C",15,"KT",3,"FT",5,"FT",,"","KG",3178,2017.1,07-AUG-21,"Britt, Lyle",1537,11,"",,,"",,,"",12585,"Britt, Lyle","N"
20681,,751,527,198,,,21,21,2130,2130,929,,17,0,,,,,3,7,2.941,1,,,,,15.5769,7,164,2.12,2.064,6,536,0.3,57,4,59,5,228.6,5,44,15,5,12.12,14,5.38,6,15,4,180,2,3,2,180,2,4,2,180,2,,,,,,-8,2230,2,11,31,"G-10",2.941,"KM",,"",15.5769,"M",2.064,"M",57,"M",59,"M",125,"FM",12.12,"C",5.38,"C",15,"KT",3,"FT",4,"FT",,"","KG",2230,2017.1,07-AUG-21,"Britt, Lyle",1537,11,"",,,"",,,"",12586,"Britt, Lyle","N"
20682,,751,527,199,,,21,21,2130,2130,929,,17,0,,,,,3,7,2.818,1,,,,,17.0026,7,91,0.8,2.32,6,788,0.13,67,4,69,5,228.6,5,44,15,5,12.29,14,6.4,6,15,4,180,2,3,2,180,2,4,2,180,2,,,,,,-8,2410,2,11,31,"G-11",2.818,"KM",,"",17.0026,"M",2.32,"M",67,"M",69,"M",125,"FM",12.29,"C",6.4,"C",15,"KT",3,"FT",4,"FT",,"","KG",2410,2017.1,08-AUG-21,"Britt, Lyle",1537,11,"",,,"",,,"",12587,"Britt, Lyle","N"
20683,,751,527,200,,,21,21,2130,2130,929,,17,0,,,,,3,7,2.828,1,,,,,16.9026,7,290,0.81,2.394,6,883,0.13,61,4,63,5,228.6,5,44,15,5,12.36,14,6.06,6,15,4,225,2,3,2,225,2,4,2,225,2,,,,,,-8,,1,11,31,"G-12",2.828,"KM",,"",16.9026,"M",2.394,"M",61,"M",63,"M",125,"FM",12.36,"C",6.06,"C",15,"KT",3,"FT",4,"FT",,"","",,2017.1,08-AUG-21,"Britt, Lyle",1537,11,"",,,"",,,"",12588,"Britt, Lyle","N"
20684,,751,527,201,,,21,21,2130,2130,929,,17,0,,,,,3,7,2.83,1,,,,,16.8128,7,179,0.5554,2.273,6,396,0.15,62,4,64,5,228.6,5,44,15,5,12.15,14,5.78,6,15,4,180,2,3,2,180,2,4,2,180,2,,,,,,-8,3912,2,11,31,"H-12",2.83,"KM",,"",16.8128,"M",2.273,"M",62,"M",64,"M",125,"FM",12.15,"C",5.78,"C",15,"KT",3,"FT",4,"FT",,"","KG",3912,2017.1,08-AUG-21,"Britt, Lyle",1537,11,"",,,"",,,"",12589,"Britt, Lyle","N"
20685,,751,527,202,,,21,21,2130,2130,929,,17,0,,,,,3,7,2.866,1,,,,,16.9114,7,276,0.6917,2.252,6,356,0.13,54,4,56,5,228.6,5,44,15,5,12.83,14,6.95,6,25,4,180,2,5,2,180,2,5,2,180,2,,,,,,-8,2342,2,11,31,"I-12",2.866,"KM",,"",16.9114,"M",2.252,"M",54,"M",56,"M",125,"FM",12.83,"C",6.95,"C",25,"KT",5,"FT",5,"FT",,"","KG",2342,2017.1,08-AUG-21,"Britt, Lyle",1537,11,"",,,"",,,"",12590,"Britt, Lyle","N"
20686,,751,527,203,,,21,21,2130,2130,929,,17,0,,,,,3,7,2.823,1,,,,,16.4805,7,96,0.4558,2.411,6,433,0.17,51,4,53,5,182.88,5,44,15,5,11.92,14,7.97,6,20,4,180,2,4,2,180,2,6,2,180,2,,,,,,-8,2148,2,11,31,"I-13",2.823,"KM",,"",16.4805,"M",2.411,"M",51,"M",53,"M",100,"FM",11.92,"C",7.97,"C",20,"KT",4,"FT",6,"FT",,"","KG",2148,2017.1,08-AUG-21,"Britt, Lyle",1537,11,"",,,"",,,"",12591,"Britt, Lyle","N"
20687,,751,527,204,,,21,21,2130,2130,929,,17,0,,,,,3,7,2.883,1,,,,,16.4863,7,341,0.6449,2.337,6,977,0.18,48,4,50,5,182.88,5,44,15,5,12.26,14,8.71,6,10,4,180,2,1,2,180,2,5,2,180,2,,,,,,-8,1506,2,11,10,"I-14",2.883,"KM",,"",16.4863,"M",2.337,"M",48,"M",50,"M",100,"FM",12.26,"C",8.71,"C",10,"KT",1,"FT",5,"FT",,"","KG",1506,2017.1,09-AUG-21,"Britt, Lyle",1537,11,"",,,"",,,"",12592,"Britt, Lyle","N"
20688,,751,527,205,,,21,21,2130,2130,929,,17,0,,,,,3,7,2.798,1,,,,,17.1571,7,418,0.6497,2.264,6,1045,0.14,59,4,61,5,228.6,5,44,15,5,10.54,14,7.16,6,20,4,240,2,3,2,240,2,6,2,240,2,,,,,,-8,1978,2,11,31,"H-13",2.798,"KM",,"",17.1571,"M",2.264,"M",59,"M",61,"M",125,"FM",10.54,"C",7.16,"C",20,"KT",3,"FT",6,"FT",,"","KG",1978,2017.1,09-AUG-21,"Britt, Lyle",1537,11,"",,,"",,,"",12593,"Britt, Lyle","N"
20689,,751,527,206,,,21,21,2130,2130,929,,17,0,,,,,3,7,2.839,1,,,,,16.3178,7,406,0.5185,2.28,6,1050,0.14,62,4,64,5,228.6,5,44,15,5,11.59,14,6.74,6,15,4,90,2,3,2,90,2,4,2,90,2,,,,,,-8,5350,2,11,31,"G-13",2.839,"KM",,"",16.3178,"M",2.28,"M",62,"M",64,"M",125,"FM",11.59,"C",6.74,"C",15,"KT",3,"FT",4,"FT",,"","KG",5350,2017.1,09-AUG-21,"Britt, Lyle",1537,11,"",,,"",,,"",12594,"Britt, Lyle","N"
20690,,751,527,207,,,21,21,2130,2130,929,,17,0,,,,,3,7,2.824,1,,,,,15.7898,7,428,0.6669,2.272,6,429,0.12,51,4,53,5,182.88,5,44,15,5,11.08,14,8.52,6,15,4,60,2,3,2,60,2,4,2,60,2,,,,,,-8,1590,2,11,10,"G-14",2.824,"KM",,"",15.7898,"M",2.272,"M",51,"M",53,"M",100,"FM",11.08,"C",8.52,"C",15,"KT",3,"FT",4,"FT",,"","KG",1590,2017.1,09-AUG-21,"Britt, Lyle",1537,11,"",,,"",,,"",12595,"Britt, Lyle","N"
20762,,751,527,208,,,21,21,2130,2130,929,,17,0,,,,,3,7,2.873,1,,,,,16.8199,7,50,0.7035,2.228,6,630,0.13,54,4,56,5,228.6,5,44,15,5,12.86,14,5.58,6,15,4,270,2,2,2,270,2,3,2,270,2,,,,,,-8,3388,2,11,31,"H-11",2.873,"KM",,"",16.8199,"M",2.228,"M",54,"M",56,"M",125,"FM",12.86,"C",5.58,"C",15,"KT",2,"FT",3,"FT",,"","KG",3388,2017.1,10-AUG-21,"Britt, Lyle",1541,11,"",,,"",,,"",12596,"Britt, Lyle","N"
20763,,751,527,209,,,21,21,2130,2130,929,,17,0,,,,,3,7,2.869,1,,,,,16.9345,7,138,0.9062,2.078,6,1054,0.12,49,4,51,5,182.88,5,44,15,5,11.89,14,7.61,6,15,4,270,2,3,2,270,2,4,2,270,2,,,,,,-8,2142,2,11,10,"H-10",2.869,"KM",,"",16.9345,"M",2.078,"M",49,"M",51,"M",100,"FM",11.89,"C",7.61,"C",15,"KT",3,"FT",4,"FT",,"","KG",2142,2017.1,10-AUG-21,"Britt, Lyle",1541,11,"",,,"",,,"",12597,"Britt, Lyle","N"
20764,,751,527,210,,,21,21,2130,2130,929,,17,0,,,,,3,7,2.939,1,,,,,16.5745,7,427,0.7537,2.126,6,929,0.13,45,4,47,5,182.88,5,44,15,5,12.86,14,6.65,6,15,4,245,2,3,2,245,2,4,2,245,2,,,,,,-8,2912,2,11,10,"I-10",2.939,"KM",,"",16.5745,"M",2.126,"M",45,"M",47,"M",100,"FM",12.86,"C",6.65,"C",15,"KT",3,"FT",4,"FT",,"","KG",2912,2017.1,10-AUG-21,"Britt, Lyle",1541,11,"",,,"",,,"",12598,"Britt, Lyle","N"
20765,,751,527,211,,,21,21,2130,2130,929,,17,0,,,,,3,7,2.836,1,,,,,16.4633,7,455,0.7862,2.265,6,973,0.1,50,4,52,5,182.88,5,44,15,5,13.17,14,6.43,6,15,4,180,2,3,2,180,2,4,2,180,2,,,,,,-8,4676,2,11,10,"I-11",2.836,"KM",,"",16.4633,"M",2.265,"M",50,"M",52,"M",100,"FM",13.17,"C",6.43,"C",15,"KT",3,"FT",4,"FT",,"","KG",4676,2017.1,10-AUG-21,"Britt, Lyle",1541,11,"",,,"",,,"",12599,"Britt, Lyle","N"
20766,,751,527,212,,,21,21,2130,2130,929,,17,0,,,,,3,7,2.755,1,,,,,16.1076,7,421,0.466,2.427,6,874,0.13,52,4,54,5,182.88,5,44,15,5,12.81,14,6.97,6,10,4,245,2,3,2,245,2,4,2,245,2,,,,,,-8,2180,2,11,10,"J-11",2.755,"KM",,"",16.1076,"M",2.427,"M",52,"M",54,"M",100,"FM",12.81,"C",6.97,"C",10,"KT",3,"FT",4,"FT",,"","KG",2180,2017.1,10-AUG-21,"Britt, Lyle",1541,11,"",,,"",,,"",12600,"Britt, Lyle","N"
20767,,751,527,213,,,21,21,2130,2130,929,,17,0,,,,,3,7,2.885,1,,,,,16.42,7,329,0.6923,2.3491,4,0,0,47,4,47,5,182.88,5,44,15,5,12.17,14,6.9,6,10,4,240,2,2,2,240,2,3,2,240,2,,,,,,-8,1966,2,11,10,"H-09",2.885,"KM",,"",16.42,"M",2.3491,"M",47,"M",47,"M",100,"FM",12.17,"C",6.9,"C",10,"KT",2,"FT",3,"FT",,"","KG",1966,2017.1,11-AUG-21,"Britt, Lyle",1541,11,"",,,"",,,"",12601,"Britt, Lyle","N"
20768,,751,527,214,,,21,21,2130,2130,929,,17,0,,,,,3,7,2.92,1,,,,,15.8736,7,263,0.5531,2.437,6,363,0.18,42,4,44,5,182.88,5,44,15,5,11.42,14,6.9,6,10,4,240,2,2,2,240,2,3,2,240,2,,,,,,-8,2137,2,11,10,"I-09",2.92,"KM",,"",15.8736,"M",2.437,"M",42,"M",44,"M",100,"FM",11.42,"C",6.9,"C",10,"KT",2,"FT",3,"FT",,"","KG",2137,2017.1,11-AUG-21,"Britt, Lyle",1541,11,"",,,"",,,"",12602,"Britt, Lyle","N"
20769,,751,527,215,,,21,21,2130,2130,929,,17,0,,,,,3,7,2.793,1,,,,,16.384,7,448,0.7196,2.303,6,968,0.11,45,4,47,5,182.88,5,44,15,5,11.88,14,7.28,6,10,4,270,2,2,2,270,2,3,2,270,2,,,,,,-8,1356,2,11,10,"I-08",2.793,"KM",,"",16.384,"M",2.303,"M",45,"M",47,"M",100,"FM",11.88,"C",7.28,"C",10,"KT",2,"FT",3,"FT",,"","KG",1356,2017.1,11-AUG-21,"Britt, Lyle",1541,11,"",,,"",,,"",12603,"Britt, Lyle","N"
20819,,751,527,216,,,14,14,2130,2130,929,,20,0,,,,,3,7,1.574,1,,,,,14.5633,7,271,0.3179,2.261,6,175,0.34,29,4,31,5,137.16,5,44,15,5,9.24,14,9.24,6,10,4,330,2,1,2,330,2,4,2,330,2,,,,,,-8,,1,11,20,"N-02",1.574,"KM",,"",14.5633,"M",2.261,"M",29,"M",31,"M",75,"FM",9.24,"C",9.24,"C",10,"KT",1,"FT",4,"FT",,"","",,2017.1,17-AUG-21,"Britt, Lyle",1552,11,"",,,"",,,"",12627,"Britt, Lyle","N"
20820,,751,527,217,,,14,14,2130,2130,929,,20,5.41,,,,,3,7,1.854,1,,,,,13.8533,7,209,0.7412,2.47,6,278,0.35,36,4,38,5,137.16,5,44,15,5,8.5,14,8.28,6,10,4,0,2,1,2,0,2,6,2,300,2,,,,,,-8,,1,11,20,"N-01",1.854,"KM",,"",13.8533,"M",2.47,"M",36,"M",38,"M",75,"FM",8.5,"C",8.28,"C",10,"KT",1,"FT",6,"FT",,"","",,2017.1,17-AUG-21,"Britt, Lyle",1552,11,"",,,"",,,"",12628,"Britt, Lyle","N"
20821,,751,527,218,,,14,14,2130,2130,929,,20,0,,,,,3,7,2.731,1,,,,,15.1671,7,508,0.5271,2.479,6,539,0.29,39,4,41,5,137.16,5,44,15,5,8.37,14,8.24,6,10,4,0,2,1,2,0,2,5,2,0,2,,,,,,-8,,1,11,20,"M-01",2.731,"KM",,"",15.1671,"M",2.479,"M",39,"M",41,"M",75,"FM",8.37,"C",8.24,"C",10,"KT",1,"FT",5,"FT",,"","",,2017.1,17-AUG-21,"Britt, Lyle",1552,11,"",,,"",,,"",12629,"Britt, Lyle","N"
20822,,751,527,219,,,14,14,2130,2130,929,,20,0,,,,,3,7,2.931,1,,,,,14.9124,7,401,0.454,2.363,6,423,0.37,38,4,40,5,137.16,5,44,15,5,9.02,14,8.74,6,10,4,30,2,1,2,30,2,4,2,30,2,,,,,,-8,1110,2,11,20,"M-02",2.931,"KM",,"",14.9124,"M",2.363,"M",38,"M",40,"M",75,"FM",9.02,"C",8.74,"C",10,"KT",1,"FT",4,"FT",,"","KG",1110,2017.1,17-AUG-21,"Britt, Lyle",1552,11,"",,,"",,,"",12630,"Britt, Lyle","N"
20832,,751,527,221,,,14,14,2130,2130,929,,20,0,,,,,3,7,1.411,1,,,,,15.9512,7,197,0.6791,2.384,6,479,0.15,64,4,66,5,228.6,5,44,15,5,11.42,14,3.88,6,10,4,60,2,1,2,60,2,2,2,60,2,,,,,,-8,,1,11,31,"I-02",1.411,"KM",,"",15.9512,"M",2.384,"M",64,"M",66,"M",125,"FM",11.42,"C",3.88,"C",10,"KT",1,"FT",2,"FT",,"","",,2017.1,18-AUG-21,"Britt, Lyle",1555,11,"",,,"",,,"",12632,"Britt, Lyle","N"
20833,,751,527,222,,,14,14,2130,2130,929,,20,0,,,,,3,7,2.939,1,,,,,15.9127,7,423,0.5276,2.325,6,881,0.21,68,4,70,5,228.6,5,44,15,5,11.46,14,4.06,6,15,4,210,2,1,2,210,2,2,2,210,2,,,,,,-8,1816,2,11,31,"H-02",2.939,"KM",,"",15.9127,"M",2.325,"M",68,"M",70,"M",125,"FM",11.46,"C",4.06,"C",15,"KT",1,"FT",2,"FT",,"","KG",1816,2017.1,18-AUG-21,"Britt, Lyle",1555,11,"",,,"",,,"",12633,"Britt, Lyle","N"
20834,,751,527,223,,,14,14,2130,2130,929,,20,0,,,,,3,7,2.785,1,,,,,16.4116,7,98,0.7475,2.524,6,50,0.51,68,4,71,5,228.6,5,44,15,5,11.7,14,3.7,6,15,4,220,2,1,2,220,2,2,2,220,2,,,,,,-8,2850,2,11,31,"H-03",2.785,"KM",,"",16.4116,"M",2.524,"M",68,"M",71,"M",125,"FM",11.7,"C",3.7,"C",15,"KT",1,"FT",2,"FT",,"","KG",2850,2017.1,18-AUG-21,"Britt, Lyle",1555,11,"",,,"",,,"",12634,"Britt, Lyle","N"
20835,,751,527,224,,,14,14,2130,2130,929,,20,0,,,,,3,7,2.769,1,,,,,19.4477,7,32,0.8162,2.446,6,210,0.12,74,4,76,5,274.32,5,44,15,5,11.73,14,3.26,6,15,4,210,2,3,2,210,2,5,2,210,2,,,,,,-8,2292,2,11,31,"F-05",2.769,"KM",,"",19.4477,"M",2.446,"M",74,"M",76,"M",150,"FM",11.73,"C",3.26,"C",15,"KT",3,"FT",5,"FT",,"","KG",2292,2017.1,19-AUG-21,"Britt, Lyle",1556,11,"",,,"",,,"",12635,"Britt, Lyle","N"
20836,,751,527,225,,,14,14,2130,2130,929,,20,0,,,,,3,7,2.726,1,,,,,16.4464,7,310,0.6965,2.234,6,705,0.1,72,4,74,5,274.32,5,44,15,5,11.91,14,3.38,6,20,4,210,2,4,2,210,2,6,2,210,2,,,,,,-8,3630,2,11,31,"F-06",2.726,"KM",,"",16.4464,"M",2.234,"M",72,"M",74,"M",150,"FM",11.91,"C",3.38,"C",20,"KT",4,"FT",6,"FT",,"","KG",3630,2017.1,19-AUG-21,"Britt, Lyle",1556,11,"",,,"",,,"",12636,"Britt, Lyle","N"
20838,,751,527,227,,,14,14,2130,2130,929,,20,0,,,,,3,7,2.652,1,,,,,17.1465,7,263,0.4664,2.326,6,1012,0.14,84,4,86,5,274.32,5,44,15,5,11.77,14,3.25,6,25,4,270,2,4,2,270,2,12,2,270,2,,,,,,-8,3726,2,11,31,"E-05",2.652,"KM",,"",17.1465,"M",2.326,"M",84,"M",86,"M",150,"FM",11.77,"C",3.25,"C",25,"KT",4,"FT",12,"FT",,"","KG",3726,2017.1,19-AUG-21,"Britt, Lyle",1556,11,"",,,"",,,"",12638,"Britt, Lyle","N"
20993,,751,527,228,,,14,14,2130,2130,929,,20,0,,,,,3,7,1.379,1,,,,,19.419,7,83,0.8546,2.172,6,203,0.19,124,4,126,5,365.76,5,44,15,5,11.49,14,4.65,6,10,4,240,2,1,2,240,2,3,2,240,2,,,,,,-8,,1,11,50,"C-03",1.379,"KM",,"",19.419,"M",2.172,"M",124,"M",126,"M",200,"FM",11.49,"C",4.65,"C",10,"KT",1,"FT",3,"FT",,"","",,2017.1,20-AUG-21,"Britt, Lyle",1561,11,"",,,"",,,"",12639,"Britt, Lyle","N"
19987,,751,520,79,,,17,17,2130,2130,929,,3,0,,,,,3,7,2.85,1,,,,,17.1038,7,11,0.8693,1.842,6,550,0.16,128,4,130,5,411.48,5,44,15,5,8.85,14,4.2,6,10,4,20,2,1,2,20,2,1,2,67,2,,,,,,-8,,1,11,50,"E-01",2.85,"KM",,"",17.1038,"M",1.842,"M",128,"M",130,"M",225,"FM",8.85,"C",4.2,"C",10,"KT",1,"FT",1,"FT",,"","",,2017.1,19-JUN-21,"Haehn, Rebecca",1454,11,"",,,"",,,"",12431,"Haehn, Rebecca","Y"
19988,,751,520,80,,,17,17,2130,2130,929,,3,0,,,,,3,7,2.815,1,,,,,17.2798,7,67,0.2451,1.827,6,646,0.1,103,4,105,5,320.04,5,44,15,5,8.79,14,3.46,6,0,4,-2,2,0,2,-2,2,0,2,,,,,,,,-8,,1,11,31,"F-01",2.815,"KM",,"",17.2798,"M",1.827,"M",103,"M",105,"M",175,"FM",8.79,"C",3.46,"C",0,"KT",0,"FT",0,"FT",,"","",,2017.1,20-JUN-21,"Haehn, Rebecca",1455,11,"",,,"",,,"",12432,"Haehn, Rebecca","Y"
19989,,751,520,81,,,17,17,2130,2130,929,,3,0,,,,,3,7,2.895,1,,,,,16.6524,7,233,0.5425,1.903,6,1026,0.14,76,4,78,5,274.32,5,44,15,5,8.6,14,3.67,6,5,4,45,2,0,2,-2,2,1,2,20,2,,,,,,-8,1040,2,11,31,"G-01",2.895,"KM",,"",16.6524,"M",1.903,"M",76,"M",78,"M",150,"FM",8.6,"C",3.67,"C",5,"KT",0,"FT",1,"FT",,"","KG",1040,2017.1,20-JUN-21,"Haehn, Rebecca",1455,11,"",,,"",,,"",12433,"Haehn, Rebecca","Y"
19990,,751,520,82,,,17,17,2130,2130,929,,3,0,,,,,3,7,2.814,1,,,,,15.8328,7,378,0.3566,2.174,6,1002,0.13,71,4,73,5,228.6,5,44,15,5,9.03,14,3.97,6,5,4,-3,2,0,2,-2,2,1,2,20,2,,,,,,-8,1282,2,11,31,"H-01",2.814,"KM",,"",15.8328,"M",2.174,"M",71,"M",73,"M",125,"FM",9.03,"C",3.97,"C",5,"KT",0,"FT",1,"FT",,"","KG",1282,2017.1,20-JUN-21,"Haehn, Rebecca",1455,11,"",,,"",,,"",12434,"Haehn, Rebecca","Y"
19991,,751,520,83,,,17,17,2130,2130,929,,3,0,,,,,3,7,2.834,1,,,,,15.5293,7,122,0.434,2.013,6,1031,0.13,67,4,69,5,228.6,5,44,15,5,8.89,14,3.68,6,5,4,337,2,0,2,-2,2,1,2,20,2,,,,,,-8,2364,2,11,31,"I-01",2.834,"KM",,"",15.5293,"M",2.013,"M",67,"M",69,"M",125,"FM",8.89,"C",3.68,"C",5,"KT",0,"FT",1,"FT",,"","KG",2364,2017.1,20-JUN-21,"Haehn, Rebecca",1455,11,"",,,"",,,"",12435,"Haehn, Rebecca","Y"
19992,,751,520,84,,,17,17,2130,2130,929,,3,0,,,,,3,7,2.798,1,,,,,16.486,7,148,0.3819,1.86,6,1408,0.12,66,4,68,5,228.6,5,44,15,5,7.88,14,3.57,6,5,4,337,2,0,2,-2,2,1,2,20,2,,,,,,-8,1804,2,11,41,"J-01",2.798,"KM",,"",16.486,"M",1.86,"M",66,"M",68,"M",125,"FM",7.88,"C",3.57,"C",5,"KT",0,"FT",1,"FT",,"","KG",1804,2017.1,20-JUN-21,"Haehn, Rebecca",1455,11,"",,,"",,,"",12436,"Haehn, Rebecca","Y"
19993,,751,520,85,,,17,17,2130,2130,929,,3,0,,,,,3,7,2.769,1,,,,,16.3105,7,239,0.3872,1.917,6,1466,0.1,62,4,64,5,228.6,5,44,15,5,8.86,14,3.28,6,5,4,247,2,0,2,-2,2,0,2,-2,2,,,,,,-8,1044,2,11,31,"J-02",2.769,"KM",,"",16.3105,"M",1.917,"M",62,"M",64,"M",125,"FM",8.86,"C",3.28,"C",5,"KT",0,"FT",0,"FT",,"","KG",1044,2017.1,21-JUN-21,"Haehn, Rebecca",1456,11,"",,,"",,,"",12437,"Haehn, Rebecca","Y"
19994,,751,520,86,,,17,17,2130,2130,929,,3,0,,,,,3,7,2.843,1,,,,,15.9934,7,329,0.3964,1.888,6,865,0.13,51,4,53,5,182.88,5,44,15,5,7.57,14,3.13,6,5,4,337,2,1,2,337,2,0,2,-2,2,,,,,,-8,1917,2,11,20,"K-02",2.843,"KM",,"",15.9934,"M",1.888,"M",51,"M",53,"M",100,"FM",7.57,"C",3.13,"C",5,"KT",1,"FT",0,"FT",,"","KG",1917,2017.1,21-JUN-21,"Haehn, Rebecca",1456,11,"",,,"",,,"",12438,"Haehn, Rebecca","Y"
19995,,751,520,87,,,17,17,2130,2130,929,,3,0,,,,,3,7,2.896,1,,,,,15.8045,7,354,0.3565,2.25,6,1573,0.14,58,4,60,5,228.6,5,44,15,5,7.8,14,3.23,6,0,4,-2,2,0,2,-2,2,1,2,337,2,,,,,,-8,2090,2,11,41,"K-01",2.896,"KM",,"",15.8045,"M",2.25,"M",58,"M",60,"M",125,"FM",7.8,"C",3.23,"C",0,"KT",0,"FT",1,"FT",,"","KG",2090,2017.1,21-JUN-21,"Haehn, Rebecca",1456,11,"",,,"",,,"",12439,"Haehn, Rebecca","Y"
19996,,751,520,88,,,17,17,2130,2130,929,,3,0,,,,,3,7,2.958,1,,,,,15.7127,7,378,0.6767,2.299,6,374,0.31,45,4,47,5,182.88,5,44,15,5,6.81,14,3.69,6,0,4,-2,2,0,2,-2,2,1,2,337,2,,,,,,-8,1318,2,11,20,"L-01",2.958,"KM",,"",15.7127,"M",2.299,"M",45,"M",47,"M",100,"FM",6.81,"C",3.69,"C",0,"KT",0,"FT",1,"FT",,"","KG",1318,2017.1,21-JUN-21,"Haehn, Rebecca",1456,11,"",,,"",,,"",12440,"Haehn, Rebecca","Y"
19997,,751,520,89,,,17,17,2130,2130,929,,3,0,,,,,3,7,2.867,1,,,,,15.6277,7,104,0.6251,2.401,6,1787,0.19,42,4,44,5,182.88,5,44,15,5,7.62,14,3.81,6,0,4,-2,2,0,2,-2,2,1,2,337,2,,,,,,-8,1308,2,11,20,"L-02",2.867,"KM",,"",15.6277,"M",2.401,"M",42,"M",44,"M",100,"FM",7.62,"C",3.81,"C",0,"KT",0,"FT",1,"FT",,"","KG",1308,2017.1,21-JUN-21,"Haehn, Rebecca",1456,11,"",,,"",,,"",12441,"Haehn, Rebecca","Y"
19998,,751,520,90,,,17,17,2130,2130,929,,3,0,,,,,3,7,2.714,1,,,,,15.0738,7,426,0.5113,2.254,6,849,0.31,38,4,40,5,137.16,5,44,15,5,7.42,14,4.18,6,10,4,90,2,1,2,67,2,2,2,67,2,,,,,,-8,1432,2,11,20,"M-02",2.714,"KM",,"",15.0738,"M",2.254,"M",38,"M",40,"M",75,"FM",7.42,"C",4.18,"C",10,"KT",1,"FT",2,"FT",,"","KG",1432,2017.1,22-JUN-21,"Haehn, Rebecca",1457,11,"",,,"",,,"",12442,"Haehn, Rebecca","Y"
19999,,751,520,91,,,17,17,2130,2130,929,,3,0,,,,,3,7,2.898,1,,,,,15.7543,7,137,0.5329,2.166,6,915,0.17,40,4,42,5,137.16,5,44,15,5,5.74,14,3.94,6,10,4,90,2,1,2,90,2,2,2,90,2,,,,,,-8,,1,11,20,"M-01",2.898,"KM",,"",15.7543,"M",2.166,"M",40,"M",42,"M",75,"FM",5.74,"C",3.94,"C",10,"KT",1,"FT",2,"FT",,"","",,2017.1,22-JUN-21,"Haehn, Rebecca",1457,11,"",,,"",,,"",12443,"Haehn, Rebecca","Y"
20000,,751,520,92,,,17,17,2130,2130,929,,3,0,,,,,3,7,2.868,1,,,,,15.4582,7,357,0.4447,2.171,6,933,0.33,38,4,40,5,137.16,5,44,15,5,6.17,14,3.81,6,10,4,90,2,1,2,90,2,2,2,90,2,,,,,,-8,1261,2,11,20,"N-01",2.868,"KM",,"",15.4582,"M",2.171,"M",38,"M",40,"M",75,"FM",6.17,"C",3.81,"C",10,"KT",1,"FT",2,"FT",,"","KG",1261,2017.1,22-JUN-21,"Haehn, Rebecca",1457,11,"",,,"",,,"",12444,"Haehn, Rebecca","Y"
20058,,751,520,94,,,17,17,2130,2130,929,,3,0,,,,,3,7,2.89,1,,,,,15.281,7,257,0.3993,2.148,6,589,0.24,29,4,31,5,137.16,5,44,15,5,4.71,14,4.55,6,10,4,0,2,1,2,0,2,3,2,0,2,,,,,,-8,,1,11,20,"O-02",2.89,"KM",,"",15.281,"M",2.148,"M",29,"M",31,"M",75,"FM",4.71,"C",4.55,"C",10,"KT",1,"FT",3,"FT",,"","",,2017.1,23-JUN-21,"Haehn, Rebecca",1459,11,"",,,"",,,"",12446,"Haehn, Rebecca","Y"
20059,,751,520,95,,,16,16,2130,2130,929,,3,0,,,,,3,7,2.899,1,,,,,15.3529,7,150,0.3694,2.105,6,612,0.23,34,4,36,5,137.16,5,44,15,5,5.39,14,4.08,6,10,4,0,2,2,2,0,2,3,2,0,2,,,,,,-8,1305,2,11,20,"O-01",2.899,"KM",,"",15.3529,"M",2.105,"M",34,"M",36,"M",75,"FM",5.39,"C",4.08,"C",10,"KT",2,"FT",3,"FT",,"","KG",1305,2017.1,23-JUN-21,"Haehn, Rebecca",1459,11,"",,,"",,,"",12447,"Haehn, Rebecca","Y"
20061,,751,520,97,,,16,16,2130,2130,929,,3,0,,,,,3,7,2.927,1,,,,,15.3712,7,387,0.4388,2.454,6,705,0.28,29,4,31,5,137.16,5,44,15,5,5.22,14,5.09,6,10,4,0,2,3,2,0,2,4,2,0,2,,,,,,-8,,1,11,20,"Q-01",2.927,"KM",,"",15.3712,"M",2.454,"M",29,"M",31,"M",75,"FM",5.22,"C",5.09,"C",10,"KT",3,"FT",4,"FT",,"","",,2017.1,23-JUN-21,"Haehn, Rebecca",1459,11,"",,,"",,,"",12449,"Haehn, Rebecca","Y"
20062,,751,520,98,,,16,16,2130,2130,929,,3,0,,,,,3,7,3.073,1,,,,,15.8268,7,272,0.7138,2.563,6,551,0.48,28,4,31,5,137.16,5,44,15,5,5.43,14,5.33,6,10,4,45,2,1,2,45,2,2,2,45,2,,,,,,-8,,1,11,20,"Q-02",3.073,"KM",,"",15.8268,"M",2.563,"M",28,"M",31,"M",75,"FM",5.43,"C",5.33,"C",10,"KT",1,"FT",2,"FT",,"","",,2017.1,23-JUN-21,"Haehn, Rebecca",1459,11,"",,,"",,,"",12450,"Haehn, Rebecca","Y"
20063,,751,520,99,,,16,16,2130,2130,929,,3,0,,,,,3,7,2.915,1,,,,,15.7628,7,379,0.5337,1.911,6,933,0.11,34,4,36,5,137.16,5,44,15,5,4.54,14,4.27,6,10,4,45,2,1,2,0,2,3,2,45,2,,,,,,-8,,1,11,20,"Q-18",2.915,"KM",,"",15.7628,"M",1.911,"M",34,"M",36,"M",75,"FM",4.54,"C",4.27,"C",10,"KT",1,"FT",3,"FT",,"","",,2017.1,23-JUN-21,"Haehn, Rebecca",1460,11,"",,,"",,,"",12451,"Haehn, Rebecca","Y"
20064,,751,520,100,,,16,16,2130,2130,929,,3,0,,,,,3,7,2.988,1,,,,,16.4366,7,96,0.7695,2.198,6,582,0.51,41,4,43,5,182.88,5,44,15,5,5.47,14,2.64,6,5,4,20,2,1,2,20,2,3,2,45,2,,,,,,-8,1042,2,11,20,"Q-19",2.988,"KM",,"",16.4366,"M",2.198,"M",41,"M",43,"M",100,"FM",5.47,"C",2.64,"C",5,"KT",1,"FT",3,"FT",,"","KG",1042,2017.1,24-JUN-21,"Haehn, Rebecca",1460,11,"",,,"",,,"",12452,"Haehn, Rebecca","Y"
20065,,751,520,101,,,16,16,2130,2130,929,,3,0,,,,,3,7,2.913,1,,,,,16.711,7,85,0.4489,2.107,6,375,0.26,50,4,52,5,182.88,5,44,15,5,6.42,14,2.36,6,5,4,275,2,1,2,45,2,3,2,337,2,,,,,,-8,1262,2,11,20,"Q-20",2.913,"KM",,"",16.711,"M",2.107,"M",50,"M",52,"M",100,"FM",6.42,"C",2.36,"C",5,"KT",1,"FT",3,"FT",,"","KG",1262,2017.1,24-JUN-21,"Haehn, Rebecca",1460,11,"",,,"",,,"",12453,"Haehn, Rebecca","Y"
20066,,751,520,102,,,16,16,2130,2130,929,,3,0,,,,,3,7,2.761,1,,,,,14.9447,7,35,0.3356,2.025,6,493,0.2,52,4,54,5,182.88,5,44,15,5,6.64,14,2.9,6,5,4,135,2,0,2,-2,2,4,2,-3,2,,,,,,-8,,1,11,41,"P-20",2.761,"KM",,"",14.9447,"M",2.025,"M",52,"M",54,"M",100,"FM",6.64,"C",2.9,"C",5,"KT",0,"FT",4,"FT",,"","",,2017.1,24-JUN-21,"Haehn, Rebecca",1460,11,"",,,"",,,"",12454,"Haehn, Rebecca","Y"
20090,,751,520,103,,,16,16,2130,2130,929,,3,0,,,,,3,7,3.043,1,,,,,16.601,7,457,0.5903,2.058,6,1192,0.13,55,4,57,5,182.88,5,44,15,5,7.33,14,3.1,6,10,4,90,2,2,2,90,2,4,2,90,2,,,,,,-8,,1,11,41,"O-20",3.043,"KM",,"",16.601,"M",2.058,"M",55,"M",57,"M",100,"FM",7.33,"C",3.1,"C",10,"KT",2,"FT",4,"FT",,"","",,2017.1,25-JUN-21,"Haehn, Rebecca",1462,11,"",,,"",,,"",12455,"Haehn, Rebecca","Y"
20091,,751,520,104,,,16,16,2130,2130,929,,3,0,,,,,3,7,2.907,1,,,,,17.1146,7,194,0.7213,1.82,6,608,0.15,59,4,61,5,228.6,5,44,15,5,7.25,14,3.1,6,10,4,90,2,1,2,135,2,3,2,135,2,,,,,,-8,,1,11,41,"N-20",2.907,"KM",,"",17.1146,"M",1.82,"M",59,"M",61,"M",125,"FM",7.25,"C",3.1,"C",10,"KT",1,"FT",3,"FT",,"","",,2017.1,25-JUN-21,"Haehn, Rebecca",1462,11,"",,,"",,,"",12456,"Haehn, Rebecca","Y"
20092,,751,520,105,,,16,16,2130,2130,929,,3,0,,,,,3,7,2.832,1,,,,,16.6183,7,453,0.5157,2.025,6,449,0.14,61,4,63,5,228.6,5,44,15,5,7.61,14,3.51,6,90,4,10,2,1,2,157,2,1,2,157,2,,,,,,-8,1268,2,11,41,"M-20",2.832,"KM",,"",16.6183,"M",2.025,"M",61,"M",63,"M",125,"FM",7.61,"C",3.51,"C",90,"KT",1,"FT",1,"FT",,"","KG",1268,2017.1,25-JUN-21,"Haehn, Rebecca",1462,11,"",,,"",,,"",12457,"Haehn, Rebecca","Y"
20093,,751,520,106,,,16,16,2130,2130,929,,3,4.3,,,,,3,7,2.709,1,,,,,16.6817,7,436,0.3601,1.858,6,1134,0.12,65,4,67,5,228.6,5,44,15,5,7.82,14,3.73,6,10,4,90,2,1,2,135,2,3,2,135,2,,,,,,-8,,1,11,41,"L-20",2.709,"KM",,"",16.6817,"M",1.858,"M",65,"M",67,"M",125,"FM",7.82,"C",3.73,"C",10,"KT",1,"FT",3,"FT",,"","",,2017.1,25-JUN-21,"Haehn, Rebecca",1462,11,"",,,"",,,"",12458,"Haehn, Rebecca","Y"
20094,,751,520,107,,,16,16,2130,2130,929,,3,0,,,,,3,7,2.717,1,,,,,16.3969,7,506,0.4599,1.914,6,1060,0.1,67,6,69,9,228.6,5,44,15,5,8.43,14,3.12,6,5,4,0,2,1,2,135,2,2,2,135,2,,,,,,-8,,1,11,41,"K-20",2.717,"KM",,"",16.3969,"M",1.914,"M",67,"M",69,"M",125,"FM",8.43,"C",3.12,"C",5,"KT",1,"FT",2,"FT",,"","",,2017.1,25-JUN-21,"Haehn, Rebecca",1470,11,"",,,"",,,"",12459,"Haehn, Rebecca","Y"
20095,,751,520,108,,,16,16,2130,2130,929,,3,0,,,,,3,7,2.778,1,,,,,16.2305,7,85,0.3846,2.112,4,508,0.2,69,4,73,5,228.6,5,44,15,5,8.76,14,3.79,6,10,4,337,2,1,2,0,2,3,2,90,2,,,,,,-8,1224,2,11,42,"J-20",2.778,"KM",,"",16.2305,"M",2.112,"M",69,"M",73,"M",125,"FM",8.76,"C",3.79,"C",10,"KT",1,"FT",3,"FT",,"","KG",1224,2017.1,26-JUN-21,"Haehn, Rebecca",1463,11,"",,,"",,,"",12460,"Haehn, Rebecca","Y"
20096,,751,520,109,,,16,16,2130,2130,929,,3,0,,,,,3,7,2.847,1,,,,,17.248,7,30,0.2526,2.105,6,311,0.13,65,4,67,5,228.6,5,44,15,5,8.37,14,3.32,6,10,4,270,2,1,2,0,2,2,2,270,2,,,,,,-8,,1,11,42,"JI2019",2.847,"KM",,"",17.248,"M",2.105,"M",65,"M",67,"M",125,"FM",8.37,"C",3.32,"C",10,"KT",1,"FT",2,"FT",,"","",,2017.1,26-JUN-21,"Haehn, Rebecca",1463,11,"",,,"",,,"",12461,"Haehn, Rebecca","Y"
20097,,751,520,110,,,16,16,2130,2130,929,,3,0,,,,,3,7,2.703,1,,,,,16.1676,7,185,0.5907,2.041,6,506,0.13,69,4,71,5,228.6,5,44,15,5,9.12,14,3.94,6,10,4,270,2,1,2,270,2,3,2,0,2,,,,,,-8,1417,2,11,42,"I-20",2.703,"KM",,"",16.1676,"M",2.041,"M",69,"M",71,"M",125,"FM",9.12,"C",3.94,"C",10,"KT",1,"FT",3,"FT",,"","KG",1417,2017.1,26-JUN-21,"Haehn, Rebecca",1463,11,"",,,"",,,"",12462,"Haehn, Rebecca","Y"
20098,,751,520,111,,,16,16,2130,2130,929,,3,0,,,,,3,7,2.673,1,,,,,15.9746,7,103,0.5779,2.093,6,483,0.13,67,4,69,5,228.6,5,44,15,5,8.64,14,4.19,6,10,4,347,2,1,2,220,2,3,2,22,2,,,,,,-8,,1,11,42,"IH2019",2.673,"KM",,"",15.9746,"M",2.093,"M",67,"M",69,"M",125,"FM",8.64,"C",4.19,"C",10,"KT",1,"FT",3,"FT",,"","",,2017.1,26-JUN-21,"Haehn, Rebecca",1463,11,"",,,"",,,"",12463,"Haehn, Rebecca","Y"
20099,,751,520,112,,,16,16,2130,2130,929,,3,0,,,,,3,7,2.788,1,,,,,15.5217,7,405,0.5058,2.191,6,619,0.12,60,4,62,5,228.6,5,44,15,5,8.75,14,4.43,6,5,4,180,2,1,2,180,2,3,2,157,2,,,,,,-8,1370,2,11,42,"H-20",2.788,"KM",,"",15.5217,"M",2.191,"M",60,"M",62,"M",125,"FM",8.75,"C",4.43,"C",5,"KT",1,"FT",3,"FT",,"","KG",1370,2017.1,27-JUN-21,"Haehn, Rebecca",1464,11,"",,,"",,,"",12464,"Haehn, Rebecca","Y"
20100,,751,520,113,,,16,16,2130,2130,929,,3,0,,,,,3,7,2.76,1,,,,,16.5739,7,366,0.507,2.099,6,984,0.13,71,4,73,5,274.32,5,44,15,5,9.15,14,4.05,6,10,4,180,2,1,2,180,2,3,2,180,2,,,,,,-8,,1,11,42,"HG2019",2.76,"KM",,"",16.5739,"M",2.099,"M",71,"M",73,"M",150,"FM",9.15,"C",4.05,"C",10,"KT",1,"FT",3,"FT",,"","",,2017.1,27-JUN-21,"Haehn, Rebecca",1464,11,"",,,"",,,"",12465,"Haehn, Rebecca","Y"
20101,,751,520,114,,,16,16,2130,2130,929,,3,0,,,,,3,7,2.824,1,,,,,15.5714,7,345,0.4392,2.313,6,519,0.25,58,4,60,5,228.6,5,44,15,5,8.5,14,5.38,6,10,4,180,2,2,2,180,2,3,2,180,2,,,,,,-8,1116,2,11,42,"G-20",2.824,"KM",,"",15.5714,"M",2.313,"M",58,"M",60,"M",125,"FM",8.5,"C",5.38,"C",10,"KT",2,"FT",3,"FT",,"","KG",1116,2017.1,27-JUN-21,"Haehn, Rebecca",1464,11,"",,,"",,,"",12466,"Haehn, Rebecca","Y"
20102,,751,520,115,,,16,16,2130,2130,929,,3,0,,,,,3,7,2.908,1,,,,,15.6432,7,318,0.3709,2.316,6,731,0.12,77,4,79,5,274.32,5,44,15,5,8.91,14,4.33,6,10,4,225,2,1,2,180,2,3,2,180,2,,,,,,-8,1362,2,11,32,"GF2019",2.908,"KM",,"",15.6432,"M",2.316,"M",77,"M",79,"M",150,"FM",8.91,"C",4.33,"C",10,"KT",1,"FT",3,"FT",,"","KG",1362,2017.1,27-JUN-21,"Haehn, Rebecca",1464,11,"",,,"",,,"",12467,"Haehn, Rebecca","Y"
20104,,751,520,117,,,16,16,2130,2130,929,,3,0,,,,,3,7,2.88,1,,,,,16.5517,7,232,0.422,1.943,6,207,0.5,77,4,79,5,274.32,5,44,15,5,7.83,14,5.03,6,10,4,202,2,1,2,180,2,4,2,180,2,,,,,,-8,1436,2,11,32,"F-20",2.88,"KM",,"",16.5517,"M",1.943,"M",77,"M",79,"M",150,"FM",7.83,"C",5.03,"C",10,"KT",1,"FT",4,"FT",,"","KG",1436,2017.1,27-JUN-21,"Haehn, Rebecca",1464,11,"",,,"",,,"",12469,"Haehn, Rebecca","Y"
20106,,751,520,118,,,16,16,2130,2130,929,,3,0,,,,,3,7,2.919,1,,,,,17.1971,7,441,0.3033,1.905,6,841,0.13,94,4,96,5,320.04,5,44,15,5,9,14,4.42,6,15,4,180,2,1,2,202,2,3,2,180,2,,,,,,-8,,1,11,42,"F-21",2.919,"KM",,"",17.1971,"M",1.905,"M",94,"M",96,"M",175,"FM",9,"C",4.42,"C",15,"KT",1,"FT",3,"FT",,"","",,2017.1,28-JUN-21,"Haehn, Rebecca",1466,11,"",,,"",,,"",12470,"Haehn, Rebecca","Y"
20107,,751,520,119,,,16,16,2130,2130,929,,3,0,,,,,3,7,2.779,1,,,,,16.4708,7,225,0.7013,2.087,6,573,0.15,71,4,73,5,228.6,5,44,15,5,8.49,14,4.94,6,15,4,157,2,2,2,180,2,2,2,180,2,,,,,,-8,,1,11,42,"GF2120",2.779,"KM",,"",16.4708,"M",2.087,"M",71,"M",73,"M",125,"FM",8.49,"C",4.94,"C",15,"KT",2,"FT",2,"FT",,"","",,2017.1,28-JUN-21,"Haehn, Rebecca",1466,11,"",,,"",,,"",12471,"Haehn, Rebecca","Y"
20108,,751,520,120,,,16,16,2130,2130,929,,3,0,,,,,3,7,2.876,1,,,,,16.1049,7,362,0.4902,2.134,6,986,0.12,66,4,68,5,228.6,5,44,15,5,7.67,14,5.84,6,15,4,135,2,2,2,180,2,3,2,180,2,,,,,,-8,,1,11,42,"G-21",2.876,"KM",,"",16.1049,"M",2.134,"M",66,"M",68,"M",125,"FM",7.67,"C",5.84,"C",15,"KT",2,"FT",3,"FT",,"","",,2017.1,28-JUN-21,"Haehn, Rebecca",1466,11,"",,,"",,,"",12472,"Haehn, Rebecca","Y"
20169,,751,520,121,,,16,16,2130,2130,929,,3,0,,,,,3,7,2.769,1,,,,,15.6795,7,303,0.4732,1.986,6,56,0.1,46,4,48,5,182.88,5,44,15,5,5.75,14,6.02,6,15,4,150,2,2,2,150,2,4,2,150,2,,,,,,-8,2866,2,11,42,"HG2120",2.769,"KM",,"",15.6795,"M",1.986,"M",46,"M",48,"M",100,"FM",5.75,"C",6.02,"C",15,"KT",2,"FT",4,"FT",,"","KG",2866,2017.1,29-JUN-21,"Haehn, Rebecca",1468,11,"",,,"",,,"",12473,"Haehn, Rebecca","Y"
20170,,751,520,122,,,16,16,2130,2130,929,,3,0,,,,,3,7,2.748,1,,,,,15.1071,7,331,0.5152,2.223,6,1363,0.29,54,4,56,5,182.88,5,44,15,5,6.13,14,6.13,6,10,4,157,2,2,2,112,2,2,2,112,2,,,,,,-8,2852,2,11,42,"H-21",2.748,"KM",,"",15.1071,"M",2.223,"M",54,"M",56,"M",100,"FM",6.13,"C",6.13,"C",10,"KT",2,"FT",2,"FT",,"","KG",2852,2017.1,29-JUN-21,"Haehn, Rebecca",1468,11,"",,,"",,,"",12474,"Haehn, Rebecca","Y"
20171,,751,520,123,,,16,16,2130,2130,929,,3,0,,,,,3,7,2.748,1,,,,,15.9771,7,272,0.5219,1.977,6,572,0.12,66,4,68,5,228.6,5,44,15,5,8.78,14,4.24,6,20,4,90,2,3,2,90,2,5,2,90,2,,,,,,-8,,1,11,42,"IH2120",2.748,"KM",,"",15.9771,"M",1.977,"M",66,"M",68,"M",125,"FM",8.78,"C",4.24,"C",20,"KT",3,"FT",5,"FT",,"","",,2017.1,29-JUN-21,"Haehn, Rebecca",1468,11,"",,,"",,,"",12475,"Haehn, Rebecca","Y"
20190,,751,520,126,,,16,16,2130,2130,929,,3,0,,,,,3,7,2.882,1,,,,,16.5984,7,117,0.3424,2.554,6,838,0.13,72,4,75,5,274.32,5,44,15,5,8.26,14,3.57,6,15,4,180,2,3,2,180,2,5,2,135,2,,,,,,-8,1381,2,11,42,"J-21",2.882,"KM",,"",16.5984,"M",2.554,"M",72,"M",75,"M",150,"FM",8.26,"C",3.57,"C",15,"KT",3,"FT",5,"FT",,"","KG",1381,2017.1,01-JUL-21,"Haehn, Rebecca",1471,11,"",,,"",,,"",12478,"Haehn, Rebecca","Y"
20192,,751,520,128,,,15,15,2130,2130,929,,3,0,,,,,3,7,2.706,1,,,,,17.2398,7,98,0.414,2.637,6,989,0.11,71,4,74,5,274.32,5,44,15,5,8.11,14,3.08,6,20,4,90,2,3,2,135,2,8,2,135,2,,,,,,-8,,1,11,41,"L-21",2.706,"KM",,"",17.2398,"M",2.637,"M",71,"M",74,"M",150,"FM",8.11,"C",3.08,"C",20,"KT",3,"FT",8,"FT",,"","",,2017.1,01-JUL-21,"Haehn, Rebecca",1471,11,"",,,"",,,"",12480,"Haehn, Rebecca","Y"
20193,,751,520,129,,,15,15,2130,2130,929,,3,0,,,,,3,7,2.759,1,,,,,16.3094,7,101,0.4138,2.701,6,1116,0.09,69,4,72,5,228.6,5,44,15,5,7.75,14,2.79,6,10,4,135,2,2,2,180,2,5,2,157,2,,,,,,-8,,1,11,41,"M-21",2.759,"KM",,"",16.3094,"M",2.701,"M",69,"M",72,"M",125,"FM",7.75,"C",2.79,"C",10,"KT",2,"FT",5,"FT",,"","",,2017.1,02-JUL-21,"Haehn, Rebecca",1472,11,"",,,"",,,"",12481,"Haehn, Rebecca","Y"
20195,,751,520,131,,,15,15,2130,2130,929,,3,0,,,,,3,7,2.687,1,,,,,17.0792,7,19,0.2741,2.561,6,1550,0.12,64,4,67,5,228.6,5,44,15,5,7.7,14,3.47,6,10,4,90,2,2,2,135,2,5,2,90,2,,,,,,-8,,1,11,41,"O-21",2.687,"KM",,"",17.0792,"M",2.561,"M",64,"M",67,"M",125,"FM",7.7,"C",3.47,"C",10,"KT",2,"FT",5,"FT",,"","",,2017.1,02-JUL-21,"Haehn, Rebecca",1472,11,"",,,"",,,"",12483,"Haehn, Rebecca","Y"
20197,,751,520,133,,,15,15,2130,2130,929,,3,0,,,,,3,7,2.799,1,,,,,16.8985,7,78,0.3974,2.652,6,1048,0.08,60,4,63,5,228.6,5,44,15,5,7.32,14,2.76,6,10,4,135,2,1,2,90,2,3,2,90,2,,,,,,-8,,1,11,41,"Q-21",2.799,"KM",,"",16.8985,"M",2.652,"M",60,"M",63,"M",125,"FM",7.32,"C",2.76,"C",10,"KT",1,"FT",3,"FT",,"","",,2017.1,03-JUL-21,"Haehn, Rebecca",1473,11,"",,,"",,,"",12485,"Haehn, Rebecca","Y"
20198,,751,520,134,,,15,15,2130,2130,929,,3,0,,,,,3,7,3.003,1,,,,,16.3405,7,56,0.3304,2.543,6,375,0.12,64,4,67,5,228.6,5,44,15,5,7.07,14,2.32,6,5,4,180,2,1,2,135,2,3,2,135,2,,,,,,-8,,1,11,41,"Q-22",3.003,"KM",,"",16.3405,"M",2.543,"M",64,"M",67,"M",125,"FM",7.07,"C",2.32,"C",5,"KT",1,"FT",3,"FT",,"","",,2017.1,03-JUL-21,"Haehn, Rebecca",1473,11,"",,,"",,,"",12486,"Haehn, Rebecca","Y"
20199,,751,520,135,,,15,15,2130,2130,929,,3,0,,,,,3,7,2.806,1,,,,,17.5051,7,128,0.522,2.864,6,1002,0.12,60,4,63,5,228.6,5,44,15,5,7.15,14,2.04,6,0,4,-2,2,1,2,135,2,3,2,135,2,,,,,,-8,,1,11,41,"R-22",2.806,"KM",,"",17.5051,"M",2.864,"M",60,"M",63,"M",125,"FM",7.15,"C",2.04,"C",0,"KT",1,"FT",3,"FT",,"","",,2017.1,03-JUL-21,"Haehn, Rebecca",1473,11,"",,,"",,,"",12487,"Haehn, Rebecca","Y"
20200,,751,520,136,,,15,15,2130,2130,929,,3,0,,,,,3,7,2.786,1,,,,,18.5318,7,52,0.3053,2.66,6,913,0.25,58,4,61,5,228.6,5,44,15,5,7.25,14,1.66,6,0,4,-2,2,2,2,315,2,3,2,135,2,,,,,,-8,,1,11,41,"S-22",2.786,"KM",,"",18.5318,"M",2.66,"M",58,"M",61,"M",125,"FM",7.25,"C",1.66,"C",0,"KT",2,"FT",3,"FT",,"","",,2017.1,03-JUL-21,"Haehn, Rebecca",1473,11,"",,,"",,,"",12488,"Haehn, Rebecca","Y"
20201,,751,520,137,,,15,15,2130,2130,929,,3,0,,,,,3,7,2.908,1,,,,,16.7208,7,345,0.3422,3.029,6,798,0.2,61,4,64,5,228.6,5,44,15,5,6.3,14,1.71,6,10,4,90,2,1,2,137,2,2,2,137,2,,,,,,-8,,1,11,41,"S-23",2.908,"KM",,"",16.7208,"M",3.029,"M",61,"M",64,"M",125,"FM",6.3,"C",1.71,"C",10,"KT",1,"FT",2,"FT",,"","",,2017.1,04-JUL-21,"Haehn, Rebecca",1474,11,"",,,"",,,"",12489,"Haehn, Rebecca","Y"
20202,,751,520,138,,,15,15,2130,2130,929,,3,0,,,,,3,7,2.822,1,,,,,16.9817,7,316,0.4636,2.74,6,896,0.11,58,4,61,5,228.6,5,44,15,5,7.46,14,1.86,6,15,4,180,2,1,2,157,2,3,2,157,2,,,,,,-8,,1,11,41,"R-23",2.822,"KM",,"",16.9817,"M",2.74,"M",58,"M",61,"M",125,"FM",7.46,"C",1.86,"C",15,"KT",1,"FT",3,"FT",,"","",,2017.1,04-JUL-21,"Haehn, Rebecca",1474,11,"",,,"",,,"",12490,"Haehn, Rebecca","Y"
20203,,751,520,139,,,15,15,2130,2130,929,,3,0,,,,,3,7,2.649,1,,,,,16.6009,7,198,0.449,2.868,6,325,0.15,57,4,60,5,228.6,5,44,15,5,6.23,14,2.09,6,15,4,180,2,1,2,157,2,3,2,157,2,,,,,,-8,2859,2,11,43,"Q-23",2.649,"KM",,"",16.6009,"M",2.868,"M",57,"M",60,"M",125,"FM",6.23,"C",2.09,"C",15,"KT",1,"FT",3,"FT",,"","KG",2859,2017.1,04-JUL-21,"Haehn, Rebecca",1474,11,"",,,"",,,"",12491,"Haehn, Rebecca","Y"
20204,,751,520,140,,,15,15,2130,2130,929,,3,5.1,,,,,3,7,2.716,1,,,,,16.384,7,298,0.5018,2.904,6,624,0.16,55,4,58,5,228.6,5,44,15,5,7.57,14,3.25,6,15,4,180,2,1,2,180,2,5,2,180,2,,,,,,-8,,1,11,43,"QP2423",2.716,"KM",,"",16.384,"M",2.904,"M",55,"M",58,"M",125,"FM",7.57,"C",3.25,"C",15,"KT",1,"FT",5,"FT",,"","",,2017.1,04-JUL-21,"Haehn, Rebecca",1474,11,"",,,"",,,"",12492,"Haehn, Rebecca","Y"
20246,,751,520,142,,,21,21,2130,2130,929,,3,0,,,,,3,7,1.952,1,,,,,18.2307,7,151,0.3446,2.173,6,255,0.17,77,4,79,5,274.32,5,44,15,5,8.45,14,2.03,6,10,4,180,2,1,2,180,2,3,2,180,2,,,,,,-8,,1,11,43,"PO2524",1.952,"KM",,"",18.2307,"M",2.173,"M",77,"M",79,"M",150,"FM",8.45,"C",2.03,"C",10,"KT",1,"FT",3,"FT",,"","",,2017.1,05-JUL-21,"Haehn, Rebecca",1476,11,"",,,"",,,"",12494,"Haehn, Rebecca","Y"
20247,,751,520,143,,,21,21,2130,2130,929,,3,0,,,,,3,7,2.749,1,,,,,18.2475,7,437,0.4912,2.116,6,978,0.14,82,4,84,5,274.32,5,44,15,5,8.51,14,2.33,6,15,4,180,2,1,2,202,2,3,2,180,2,,,,,,-8,,1,11,43,"O-24",2.749,"KM",,"",18.2475,"M",2.116,"M",82,"M",84,"M",150,"FM",8.51,"C",2.33,"C",15,"KT",1,"FT",3,"FT",,"","",,2017.1,05-JUL-21,"Haehn, Rebecca",1476,11,"",,,"",,,"",12495,"Haehn, Rebecca","Y"
20248,,751,520,144,,,21,21,2130,2130,929,,3,1.2,,,,,3,7,2.281,1,,,,,16.8512,7,319,0.3813,2.248,6,297,0.53,72,4,74,5,274.32,5,44,15,5,8.6,14,1.73,6,0,4,-2,2,2,2,135,2,3,2,180,2,,,,,,-8,,1,11,43,"PO2423",2.281,"KM",,"",16.8512,"M",2.248,"M",72,"M",74,"M",150,"FM",8.6,"C",1.73,"C",0,"KT",2,"FT",3,"FT",,"","",,2017.1,05-JUL-21,"Haehn, Rebecca",1476,11,"",,,"",,,"",12496,"Haehn, Rebecca","Y"
20249,,751,520,145,,,21,21,2130,2130,929,,3,0,,,,,3,7,2.909,1,,,,,18.2174,7,455,0.4557,2.235,6,707,0.11,75,4,77,5,274.32,5,44,15,5,8.51,14,2.02,6,15,4,180,2,2,2,202,2,3,2,180,2,,,,,,-8,,1,11,43,"O-23",2.909,"KM",,"",18.2174,"M",2.235,"M",75,"M",77,"M",150,"FM",8.51,"C",2.02,"C",15,"KT",2,"FT",3,"FT",,"","",,2017.1,05-JUL-21,"Haehn, Rebecca",1476,11,"",,,"",,,"",12497,"Haehn, Rebecca","Y"
20250,,751,520,146,,,21,21,2130,2130,929,,3,0,,,,,3,7,2.799,1,,,,,18.0996,7,231,0.3701,2.209,6,1079,0.13,78,4,80,5,274.32,5,44,15,5,8.42,14,2.41,6,20,4,270,2,1,2,202,2,3,2,225,2,,,,,,-8,,1,11,43,"N-23",2.799,"KM",,"",18.0996,"M",2.209,"M",78,"M",80,"M",150,"FM",8.42,"C",2.41,"C",20,"KT",1,"FT",3,"FT",,"","",,2017.1,06-JUL-21,"Haehn, Rebecca",1477,11,"",,,"",,,"",12498,"Haehn, Rebecca","Y"
20251,,751,520,147,,,21,21,2130,2130,929,,3,0,,,,,3,7,2.862,1,,,,,17.7531,7,449,0.3737,2.054,6,1632,0.12,85,4,87,5,274.32,5,44,15,5,8.52,14,3.01,6,20,4,270,2,2,2,202,2,3,2,135,2,,,,,,-8,2153,2,11,41,"M-23",2.862,"KM",,"",17.7531,"M",2.054,"M",85,"M",87,"M",150,"FM",8.52,"C",3.01,"C",20,"KT",2,"FT",3,"FT",,"","KG",2153,2017.1,06-JUL-21,"Haehn, Rebecca",1477,11,"",,,"",,,"",12499,"Haehn, Rebecca","Y"
20252,,751,520,148,,,21,21,2130,2130,929,,3,0,,,,,3,7,2.709,1,,,,,18.1554,7,193,0.5018,2.12,6,219,0.4,90,4,92,5,320.04,5,44,15,5,8.62,14,3.09,6,15,4,270,2,2,2,202,2,4,2,180,2,,,,,,-8,2437,2,11,41,"L-23",2.709,"KM",,"",18.1554,"M",2.12,"M",90,"M",92,"M",175,"FM",8.62,"C",3.09,"C",15,"KT",2,"FT",4,"FT",,"","KG",2437,2017.1,06-JUL-21,"Haehn, Rebecca",1477,11,"",,,"",,,"",12500,"Haehn, Rebecca","Y"
20253,,751,520,149,,,21,21,2130,2130,929,,3,0,,,,,3,7,2.853,1,,,,,17.9869,7,95,0.3687,2.092,6,196,0.37,94,4,96,5,320.04,5,44,15,5,8.66,14,3.17,6,5,4,157,2,2,2,247,2,5,2,157,2,,,,,,-8,2893,2,11,41,"K-23",2.853,"KM",,"",17.9869,"M",2.092,"M",94,"M",96,"M",175,"FM",8.66,"C",3.17,"C",5,"KT",2,"FT",5,"FT",,"","KG",2893,2017.1,06-JUL-21,"Haehn, Rebecca",1477,11,"",,,"",,,"",12501,"Haehn, Rebecca","Y"
20254,,751,520,150,,,21,21,2130,2130,929,,3,0,,,,,3,7,2.837,1,,,,,17.9378,7,208,0.358,2.021,6,975,0.14,96,4,98,5,320.04,5,44,15,5,8.55,14,3.28,6,0,4,-2,2,3,2,180,2,202,2,7,2,,,,,,-8,3879,2,11,41,"J-23",2.837,"KM",,"",17.9378,"M",2.021,"M",96,"M",98,"M",175,"FM",8.55,"C",3.28,"C",0,"KT",3,"FT",202,"FT",,"","KG",3879,2017.1,06-JUL-21,"Haehn, Rebecca",1477,11,"",,,"",,,"",12502,"Haehn, Rebecca","Y"
20255,,751,520,151,,,21,21,2130,2130,929,,3,0,,,,,3,7,2.841,1,,,,,19.4644,7,14,0.3447,2.002,6,396,0.15,97,4,99,5,320.04,5,44,15,5,8.29,14,3.56,6,5,4,295,2,2,2,202,2,5,2,180,2,,,,,,-8,1810,2,11,41,"I-23",2.841,"KM",,"",19.4644,"M",2.002,"M",97,"M",99,"M",175,"FM",8.29,"C",3.56,"C",5,"KT",2,"FT",5,"FT",,"","KG",1810,2017.1,07-JUL-21,"Haehn, Rebecca",1478,11,"",,,"",,,"",12503,"Haehn, Rebecca","Y"
19853,,751,519,4,,,20,20,2130,2130,929,,3,0,,,,,3,7,2.717,1,,,,,15.2578,7,382,0.5495,2.467,6,1091,0.14,53,4,55,5,182.88,5,44,15,5,5.07,14,4.93,6,10,4,30,2,1,2,30,2,2,2,30,2,,,,,,-8,2678,2,11,10,"G-14",2.717,"KM",,"",15.2578,"M",2.467,"M",53,"M",55,"M",100,"FM",5.07,"C",4.93,"C",10,"KT",1,"FT",2,"FT",,"","KG",2678,2017.1,31-MAY-21,"Britt, Lyle",1436,11,"",,,"",,,"",12356,"Britt, Lyle","Y"
19854,,751,519,5,,,20,20,2130,2130,929,,3,0,,,,,3,7,2.929,1,,,,,14.3638,7,411,0.6776,2.934,6,289,0.4,31,4,34,5,137.16,5,44,15,5,5.5,14,5.52,6,5,4,30,2,1,2,30,2,2,2,30,2,,,,,,-8,1886,2,11,10,"G-15",2.929,"KM",,"",14.3638,"M",2.934,"M",31,"M",34,"M",75,"FM",5.5,"C",5.52,"C",5,"KT",1,"FT",2,"FT",,"","KG",1886,2017.1,31-MAY-21,"Britt, Lyle",1436,11,"",,,"",,,"",12357,"Britt, Lyle","Y"
19855,,751,519,6,,,20,20,2130,2130,929,,3,0,,,,,3,7,2.835,1,,,,,15.2774,7,399,0.5942,2.729,6,1038,0.18,47,4,50,5,182.88,5,44,15,5,4.89,14,4.47,6,10,4,330,2,1,2,330,2,2,2,330,2,,,,,,-8,1432,2,11,10,"H-15",2.835,"KM",,"",15.2774,"M",2.729,"M",47,"M",50,"M",100,"FM",4.89,"C",4.47,"C",10,"KT",1,"FT",2,"FT",,"","KG",1432,2017.1,31-MAY-21,"Britt, Lyle",1436,11,"",,,"",,,"",12358,"Britt, Lyle","Y"
19856,,751,519,7,,,20,20,2130,2130,929,,3,0,,,,,3,7,2.606,1,,,,,14.6923,7,432,0.5543,3.084,6,285,0.39,28,4,31,5,137.16,5,44,15,5,5.35,14,5.39,6,5,4,210,2,0,2,-2,2,1,2,210,2,,,,,,-8,2744,2,11,10,"H-16",2.606,"KM",,"",14.6923,"M",3.084,"M",28,"M",31,"M",75,"FM",5.35,"C",5.39,"C",5,"KT",0,"FT",1,"FT",,"","KG",2744,2017.1,01-JUN-21,"Britt, Lyle",1437,11,"",,,"",,,"",12359,"Britt, Lyle","Y"
19857,,751,519,8,,,20,20,2130,2130,929,,3,0,,,,,3,7,2.716,1,,,,,14.6788,7,316,0.6607,2.706,6,1169,0.36,34,4,37,5,137.16,5,44,15,5,4.62,14,4.69,6,5,4,30,2,1,2,30,2,0,2,-2,2,,,,,,-8,,1,11,10,"I-16",2.716,"KM",,"",14.6788,"M",2.706,"M",34,"M",37,"M",75,"FM",4.62,"C",4.69,"C",5,"KT",1,"FT",0,"FT",,"","",,2017.1,01-JUN-21,"Britt, Lyle",1437,11,"",,,"",,,"",12360,"Britt, Lyle","Y"
19858,,751,519,9,,,20,20,2130,2130,929,,3,0,,,,,3,7,2.883,1,,,,,14.934,7,231,0.6803,2.718,6,72,0.36,32,4,35,5,137.16,5,44,15,5,5.39,14,5.4,6,10,4,30,2,1,2,30,2,2,2,30,2,,,,,,-8,,1,11,10,"J-16",2.883,"KM",,"",14.934,"M",2.718,"M",32,"M",35,"M",75,"FM",5.39,"C",5.4,"C",10,"KT",1,"FT",2,"FT",,"","",,2017.1,01-JUN-21,"Britt, Lyle",1437,11,"",,,"",,,"",12361,"Britt, Lyle","Y"
19859,,751,519,10,,,20,20,2130,2130,929,,3,0,,,,,3,7,2.811,1,,,,,15.2755,7,237,0.6701,2.681,6,916,0.31,38,6,41,9,137.16,5,44,15,5,4.82,14,4.86,6,10,4,60,2,1,2,60,2,2,2,60,2,,,,,,-8,,1,11,10,"J-15",2.811,"KM",,"",15.2755,"M",2.681,"M",38,"M",41,"M",75,"FM",4.82,"C",4.86,"C",10,"KT",1,"FT",2,"FT",,"","",,2017.1,01-JUN-21,"Britt, Lyle",1444,11,"",,,"",,,"",12362,"Britt, Lyle","Y"
19860,,751,519,11,,,20,20,2130,2130,929,,3,0,,,,,3,7,2.903,1,,,,,15.9614,7,28,0.5891,2.429,6,1250,0.16,44,4,46,5,182.88,5,44,15,5,4.62,14,4.39,6,10,4,150,2,1,2,150,2,2,2,150,2,,,,,,-8,,1,11,10,"I-15",2.903,"KM",,"",15.9614,"M",2.429,"M",44,"M",46,"M",100,"FM",4.62,"C",4.39,"C",10,"KT",1,"FT",2,"FT",,"","",,2017.1,01-JUN-21,"Britt, Lyle",1437,11,"",,,"",,,"",12363,"Britt, Lyle","Y"
19861,,751,519,12,,,20,20,2130,2130,929,,3,0,,,,,3,7,2.881,1,,,,,14.7425,7,309,0.6728,2.874,6,825,0.26,40,4,43,5,137.16,5,44,15,5,4.71,14,4.38,6,5,4,210,2,1,2,210,2,0,2,-2,2,,,,,,-8,,1,11,10,"J-14",2.881,"KM",,"",14.7425,"M",2.874,"M",40,"M",43,"M",75,"FM",4.71,"C",4.38,"C",5,"KT",1,"FT",0,"FT",,"","",,2017.1,02-JUN-21,"Britt, Lyle",1437,11,"",,,"",,,"",12364,"Britt, Lyle","Y"
19862,,751,519,13,,,20,20,2130,2130,929,,3,0,,,,,3,7,2.971,1,,,,,13.8224,7,328,0.726,2.893,6,445,0.3,24,4,27,5,137.16,5,44,15,5,5.88,14,4.85,6,5,4,60,2,1,2,60,2,1,2,60,2,,,,,,-8,,1,11,10,"K-14",2.971,"KM",,"",13.8224,"M",2.893,"M",24,"M",27,"M",75,"FM",5.88,"C",4.85,"C",5,"KT",1,"FT",1,"FT",,"","",,2017.1,02-JUN-21,"Britt, Lyle",1437,11,"",,,"",,,"",12365,"Britt, Lyle","Y"
19863,,751,519,14,,,20,20,2130,2130,929,,3,0,,,,,3,7,2.896,1,,,,,15.1234,7,373,0.7764,2.695,6,198,0.32,38,4,41,5,182.88,5,44,15,5,4.43,14,4.09,6,10,4,60,2,1,2,60,2,1,2,60,2,,,,,,-8,2220,2,11,10,"K-13",2.896,"KM",,"",15.1234,"M",2.695,"M",38,"M",41,"M",100,"FM",4.43,"C",4.09,"C",10,"KT",1,"FT",1,"FT",,"","KG",2220,2017.1,02-JUN-21,"Britt, Lyle",1437,11,"",,,"",,,"",12366,"Britt, Lyle","Y"
19864,,751,519,15,,,20,20,2130,2130,929,,3,2.1,,,,,3,7,2.647,1,,,,,14.9334,7,214,0.7221,2.822,6,512,0.23,22,4,25,5,137.16,5,44,15,5,7.09,14,6.92,6,10,4,60,2,1,2,60,2,1,2,60,2,,,,,,-8,,1,11,10,"K-12",2.647,"KM",,"",14.9334,"M",2.822,"M",22,"M",25,"M",75,"FM",7.09,"C",6.92,"C",10,"KT",1,"FT",1,"FT",,"","",,2017.1,02-JUN-21,"Britt, Lyle",1437,11,"",,,"",,,"",12367,"Britt, Lyle","Y"
19883,,751,519,16,,,20,20,2130,2130,929,,3,0,,,,,3,7,2.806,1,,,,,15.2617,7,251,0.6653,2.688,6,95,0.4,37,4,40,5,182.88,5,44,15,5,5.07,14,4.72,6,5,4,-3,2,0,2,-2,2,0,2,-2,2,,,,,,-8,,1,11,10,"K-11",2.806,"KM",,"",15.2617,"M",2.688,"M",37,"M",40,"M",100,"FM",5.07,"C",4.72,"C",5,"KT",0,"FT",0,"FT",,"","",,2017.1,03-JUN-21,"Britt, Lyle",1439,11,"",,,"",,,"",12368,"Britt, Lyle","Y"
19884,,751,519,17,,,20,20,2130,2130,929,,3,0,,,,,3,7,2.751,1,,,,,15.6562,7,210,0.6566,2.489,6,1136,0.14,52,4,54,5,182.88,5,44,15,5,4.28,14,3.78,6,0,4,-2,2,0,2,-2,2,0,2,-3,2,,,,,,-8,2213,2,11,10,"J-11",2.751,"KM",,"",15.6562,"M",2.489,"M",52,"M",54,"M",100,"FM",4.28,"C",3.78,"C",0,"KT",0,"FT",0,"FT",,"","KG",2213,2017.1,03-JUN-21,"Britt, Lyle",1439,11,"",,,"",,,"",12369,"Britt, Lyle","Y"
19886,,751,519,19,,,20,20,2130,2130,929,,3,0,,,,,3,7,2.838,1,,,,,15.3679,7,270,0.4321,2.572,6,1058,0.16,50,4,53,5,182.88,5,44,15,5,5.68,14,4.13,6,0,4,-2,2,0,2,-2,2,0,2,-3,2,,,,,,-8,1406,2,11,10,"I-11",2.838,"KM",,"",15.3679,"M",2.572,"M",50,"M",53,"M",100,"FM",5.68,"C",4.13,"C",0,"KT",0,"FT",0,"FT",,"","KG",1406,2017.1,03-JUN-21,"Britt, Lyle",1439,11,"",,,"",,,"",12371,"Britt, Lyle","Y"
19887,,751,519,20,,,20,20,2130,2130,929,,3,0,,,,,3,7,2.794,1,,,,,15.2339,7,362,0.3677,2.694,6,431,0.14,53,4,56,5,182.88,5,44,15,5,7.01,14,3.91,6,10,4,220,2,1,2,220,2,1,2,220,2,,,,,,-8,,1,11,31,"H-11",2.794,"KM",,"",15.2339,"M",2.694,"M",53,"M",56,"M",100,"FM",7.01,"C",3.91,"C",10,"KT",1,"FT",1,"FT",,"","",,2017.1,03-JUN-21,"Britt, Lyle",1439,11,"",,,"",,,"",12372,"Britt, Lyle","Y"
19888,,751,519,21,,,20,20,2130,2130,929,,3,0,,,,,3,7,2.832,1,,,,,16.1788,7,179,0.4929,2.467,6,1509,0.15,67,4,69,5,228.6,5,44,15,5,7.55,14,3.91,6,10,4,220,2,1,2,220,2,1,2,220,2,,,,,,-8,,1,11,31,"G-11",2.832,"KM",,"",16.1788,"M",2.467,"M",67,"M",69,"M",125,"FM",7.55,"C",3.91,"C",10,"KT",1,"FT",1,"FT",,"","",,2017.1,03-JUN-21,"Britt, Lyle",1439,11,"",,,"",,,"",12373,"Britt, Lyle","Y"
19890,,751,519,23,,,20,20,2130,2130,929,,3,0,,,,,3,7,2.73,1,,,,,16.6861,7,308,0.4923,2.427,6,1155,0.13,70,4,72,5,274.32,5,44,15,5,7.09,14,3.61,6,15,4,220,2,2,2,220,2,2,2,220,2,,,,,,-8,1194,2,11,31,"F-10",2.73,"KM",,"",16.6861,"M",2.427,"M",70,"M",72,"M",150,"FM",7.09,"C",3.61,"C",15,"KT",2,"FT",2,"FT",,"","KG",1194,2017.1,04-JUN-21,"Britt, Lyle",1439,11,"",,,"",,,"",12375,"Britt, Lyle","Y"
19891,,751,519,24,,,20,20,2130,2130,929,,3,3.13,,,,,3,7,2.692,1,,,,,16.4135,7,55,0.3381,2.445,6,1312,0.15,59,4,61,5,228.6,5,44,15,5,6.74,14,4.58,6,15,4,220,2,2,2,220,2,2,2,220,2,,,,,,-8,1142,2,11,31,"G-10",2.692,"KM",,"",16.4135,"M",2.445,"M",59,"M",61,"M",125,"FM",6.74,"C",4.58,"C",15,"KT",2,"FT",2,"FT",,"","KG",1142,2017.1,04-JUN-21,"Britt, Lyle",1439,11,"",,,"",,,"",12376,"Britt, Lyle","Y"
19892,,751,519,25,,,20,20,2130,2130,929,,3,0,,,,,3,7,2.793,1,,,,,15.5111,7,41,0.5383,2.53,6,1328,0.12,48,4,51,5,182.88,5,44,15,5,5.83,14,4.85,6,10,4,220,2,1,2,220,2,2,2,220,2,,,,,,-8,1996,2,11,10,"H-10",2.793,"KM",,"",15.5111,"M",2.53,"M",48,"M",51,"M",100,"FM",5.83,"C",4.85,"C",10,"KT",1,"FT",2,"FT",,"","KG",1996,2017.1,04-JUN-21,"Britt, Lyle",1439,11,"",,,"",,,"",12377,"Britt, Lyle","Y"
19893,,751,519,26,,,20,20,2130,2130,929,,3,0,,,,,3,7,2.846,1,,,,,15.7008,7,340,0.4274,2.379,6,1048,0.12,44,4,46,5,182.88,5,44,15,5,4.98,14,4.18,6,15,4,270,2,2,2,270,2,3,2,270,2,,,,,,-8,1266,2,11,10,"I-10",2.846,"KM",,"",15.7008,"M",2.379,"M",44,"M",46,"M",100,"FM",4.98,"C",4.18,"C",15,"KT",2,"FT",3,"FT",,"","KG",1266,2017.1,04-JUN-21,"Britt, Lyle",1439,11,"",,,"",,,"",12378,"Britt, Lyle","Y"
19894,,751,519,27,,,20,20,2130,2130,929,,3,0,,,,,3,7,2.751,1,,,,,15.823,7,366,0.4874,2.555,6,1437,0.17,35,4,38,5,137.16,5,44,15,5,4.01,14,3.87,6,20,4,270,2,3,2,270,2,3,2,270,2,,,,,,-8,,1,11,10,"J-10",2.751,"KM",,"",15.823,"M",2.555,"M",35,"M",38,"M",75,"FM",4.01,"C",3.87,"C",20,"KT",3,"FT",3,"FT",,"","",,2017.1,05-JUN-21,"Britt, Lyle",1440,11,"",,,"",,,"",12379,"Britt, Lyle","Y"
19895,,751,519,28,,,20,20,2130,2130,929,,3,0,,,,,3,7,2.784,1,,,,,16.4201,7,72,0.4962,2.439,6,1266,0.18,45,4,47,5,182.88,5,44,15,5,4.47,14,4.22,6,20,4,300,2,3,2,300,2,3,2,300,2,,,,,,-8,,1,11,10,"K-10",2.784,"KM",,"",16.4201,"M",2.439,"M",45,"M",47,"M",100,"FM",4.47,"C",4.22,"C",20,"KT",3,"FT",3,"FT",,"","",,2017.1,05-JUN-21,"Britt, Lyle",1440,11,"",,,"",,,"",12380,"Britt, Lyle","Y"
19896,,751,519,29,,,20,20,2130,2130,929,,3,0,,,,,3,7,2.886,1,,,,,14.7697,7,178,0.3859,2.709,6,665,0.21,29,4,32,5,137.16,5,44,15,5,4.23,14,4.15,6,15,4,240,2,2,2,240,2,3,2,240,2,,,,,,-8,1516,2,11,10,"K-09",2.886,"KM",,"",14.7697,"M",2.709,"M",29,"M",32,"M",75,"FM",4.23,"C",4.15,"C",15,"KT",2,"FT",3,"FT",,"","KG",1516,2017.1,05-JUN-21,"Britt, Lyle",1440,11,"",,,"",,,"",12381,"Britt, Lyle","Y"
19897,,751,519,30,,,20,20,2130,2130,929,,3,5.41,,,,,3,7,3.273,1,,,,,12.7913,7,229,0.7649,3.414,6,1097,0.33,20,4,23,5,137.16,5,44,15,5,4.32,14,4.17,6,15,4,290,2,2,2,290,2,2,2,290,2,,,,,,-8,1028,2,11,10,"L-09",3.273,"KM",,"",12.7913,"M",3.414,"M",20,"M",23,"M",75,"FM",4.32,"C",4.17,"C",15,"KT",2,"FT",2,"FT",,"","KG",1028,2017.1,05-JUN-21,"Britt, Lyle",1440,11,"",,,"",,,"",12382,"Britt, Lyle","Y"
19898,,751,519,31,,,14,14,2130,2130,929,,3,0,,,,,3,7,2.94,1,,,,,15.4981,7,153,0.5007,2.53,6,358,0.19,20,4,23,5,137.16,5,44,15,5,4.24,14,4.3,6,20,4,240,2,2,2,240,2,4,2,240,2,,,,,,-8,,1,11,10,"M-08",2.94,"KM",,"",15.4981,"M",2.53,"M",20,"M",23,"M",75,"FM",4.24,"C",4.3,"C",20,"KT",2,"FT",4,"FT",,"","",,2017.1,06-JUN-21,"Britt, Lyle",1442,11,"",,,"",,,"",12383,"Britt, Lyle","Y"
19899,,751,519,32,,,14,14,2130,2130,929,,3,0,,,,,3,7,3.048,1,,,,,15.1815,7,272,0.3689,2.869,6,1172,0.17,29,4,32,5,137.16,5,44,15,5,3.92,14,3.95,6,15,4,240,2,3,2,240,2,3,2,240,2,,,,,,-8,1818,2,11,10,"L-08",3.048,"KM",,"",15.1815,"M",2.869,"M",29,"M",32,"M",75,"FM",3.92,"C",3.95,"C",15,"KT",3,"FT",3,"FT",,"","KG",1818,2017.1,06-JUN-21,"Britt, Lyle",1442,11,"",,,"",,,"",12384,"Britt, Lyle","Y"
19900,,751,519,33,,,14,14,2130,2130,929,,3,0,,,,,3,7,2.94,1,,,,,15.3712,7,213,0.4414,2.792,6,710,0.17,34,4,37,5,137.16,5,44,15,5,3.59,14,3.58,6,20,4,240,2,3,2,240,2,4,2,240,2,,,,,,-8,1478,2,11,10,"K-08",2.94,"KM",,"",15.3712,"M",2.792,"M",34,"M",37,"M",75,"FM",3.59,"C",3.58,"C",20,"KT",3,"FT",4,"FT",,"","KG",1478,2017.1,06-JUN-21,"Britt, Lyle",1442,11,"",,,"",,,"",12385,"Britt, Lyle","Y"
19901,,751,519,34,,,14,14,2130,2130,929,,3,0,,,,,3,7,2.854,1,,,,,15.9477,7,353,0.4574,2.386,6,1202,0.14,39,4,41,5,137.16,5,44,15,5,3.3,14,3.23,6,20,4,240,2,3,2,240,2,4,2,240,2,,,,,,-8,,1,11,10,"K-07",2.854,"KM",,"",15.9477,"M",2.386,"M",39,"M",41,"M",75,"FM",3.3,"C",3.23,"C",20,"KT",3,"FT",4,"FT",,"","",,2017.1,06-JUN-21,"Britt, Lyle",1442,11,"",,,"",,,"",12386,"Britt, Lyle","Y"
19902,,751,519,35,,,14,14,2130,2130,929,,3,0,,,,,3,7,2.802,1,,,,,16.507,7,49,0.3802,2.606,6,653,0.17,44,4,47,5,182.88,5,44,15,5,3.7,14,3.38,6,20,4,240,2,3,2,240,2,6,2,240,2,,,,,,-8,1000,2,11,10,"J-07",2.802,"KM",,"",16.507,"M",2.606,"M",44,"M",47,"M",100,"FM",3.7,"C",3.38,"C",20,"KT",3,"FT",6,"FT",,"","KG",1000,2017.1,06-JUN-21,"Britt, Lyle",1442,11,"",,,"",,,"",12387,"Britt, Lyle","Y"
19903,,751,519,36,,,14,14,2130,2130,929,,3,0,,,,,3,7,2.906,1,,,,,16.2692,7,235,0.4735,2.395,6,58,0.19,49,4,51,5,182.88,5,44,15,5,4.47,14,3.95,6,15,4,240,2,3,2,240,2,5,2,240,2,,,,,,-8,1076,2,11,10,"I-07",2.906,"KM",,"",16.2692,"M",2.395,"M",49,"M",51,"M",100,"FM",4.47,"C",3.95,"C",15,"KT",3,"FT",5,"FT",,"","KG",1076,2017.1,07-JUN-21,"Britt, Lyle",1443,11,"",,,"",,,"",12388,"Britt, Lyle","Y"
19904,,751,519,37,,,14,14,2130,2130,929,,3,0,,,,,3,7,2.88,1,,,,,16.642,7,133,0.4783,2.406,6,836,0.21,60,4,62,5,228.6,5,44,15,5,6.1,14,2.99,6,15,4,240,2,3,2,240,2,6,2,240,2,,,,,,-8,1066,2,11,31,"H-07",2.88,"KM",,"",16.642,"M",2.406,"M",60,"M",62,"M",125,"FM",6.1,"C",2.99,"C",15,"KT",3,"FT",6,"FT",,"","KG",1066,2017.1,07-JUN-21,"Britt, Lyle",1443,11,"",,,"",,,"",12389,"Britt, Lyle","Y"
19905,,751,519,38,,,14,14,2130,2130,929,,3,0,,,,,3,7,2.838,1,,,,,16.5255,7,28,0.3569,2.492,6,690,0.16,65,4,67,5,228.6,5,44,15,5,6.29,14,2.95,6,15,4,210,2,3,2,210,2,6,2,210,2,,,,,,-8,,1,11,31,"G-07",2.838,"KM",,"",16.5255,"M",2.492,"M",65,"M",67,"M",125,"FM",6.29,"C",2.95,"C",15,"KT",3,"FT",6,"FT",,"","",,2017.1,07-JUN-21,"Britt, Lyle",1443,11,"",,,"",,,"",12390,"Britt, Lyle","Y"
19908,,751,519,41,,,14,14,2130,2130,929,,3,3.13,,,,,3,7,2.92,1,,,,,17.0809,7,36,0.3695,2.333,6,42,0.14,88,4,90,5,320.04,5,44,15,5,6.56,14,2.96,6,15,4,200,2,3,2,200,2,5,2,200,2,,,,,,-8,1156,2,11,31,"D-07",2.92,"KM",,"",17.0809,"M",2.333,"M",88,"M",90,"M",175,"FM",6.56,"C",2.96,"C",15,"KT",3,"FT",5,"FT",,"","KG",1156,2017.1,08-JUN-21,"Britt, Lyle",1443,11,"",,,"",,,"",12393,"Britt, Lyle","Y"
19909,,751,519,42,,,14,14,2130,2130,929,,3,0,,,,,3,7,2.926,1,,,,,16.8984,7,73,0.5613,2.316,6,361,0.14,91,4,93,5,320.04,5,44,15,5,6.5,14,3.47,6,15,4,200,2,3,2,200,2,6,2,200,2,,,,,,-8,1332,2,11,31,"C-07",2.926,"KM",,"",16.8984,"M",2.316,"M",91,"M",93,"M",175,"FM",6.5,"C",3.47,"C",15,"KT",3,"FT",6,"FT",,"","KG",1332,2017.1,08-JUN-21,"Britt, Lyle",1443,11,"",,,"",,,"",12394,"Britt, Lyle","Y"
19910,,751,519,43,,,14,14,2130,2130,929,,3,0,,,,,3,7,2.883,1,,,,,16.1879,7,51,0.3224,2.308,6,110,0.38,93,4,95,5,320.04,5,44,15,5,6.79,14,4.1,6,15,4,220,2,3,2,220,2,5,2,220,2,,,,,,-8,1610,2,11,31,"C-06",2.883,"KM",,"",16.1879,"M",2.308,"M",93,"M",95,"M",175,"FM",6.79,"C",4.1,"C",15,"KT",3,"FT",5,"FT",,"","KG",1610,2017.1,08-JUN-21,"Britt, Lyle",1443,11,"",,,"",,,"",12395,"Britt, Lyle","Y"
19911,,751,519,44,,,14,14,2130,2130,929,,3,0,,,,,3,7,2.942,1,,,,,17.2273,7,46,0.2867,2.374,6,1084,0.09,91,4,93,5,320.04,5,44,15,5,6.83,14,3.07,6,10,4,200,2,2,2,200,2,4,2,200,2,,,,,,-8,990,2,11,31,"D-06",2.942,"KM",,"",17.2273,"M",2.374,"M",91,"M",93,"M",175,"FM",6.83,"C",3.07,"C",10,"KT",2,"FT",4,"FT",,"","KG",990,2017.1,08-JUN-21,"Britt, Lyle",1443,11,"",,,"",,,"",12396,"Britt, Lyle","Y"
19912,,751,519,45,,,14,14,2130,2130,929,,3,0,,,,,3,7,2.948,1,,,,,17.5664,7,23,0.5933,2.306,6,1260,0.15,85,4,87,5,274.32,5,44,15,5,6.19,14,2.98,6,25,4,300,2,3,2,300,2,8,2,300,2,,,,,,-8,,1,11,31,"E-06",2.948,"KM",,"",17.5664,"M",2.306,"M",85,"M",87,"M",150,"FM",6.19,"C",2.98,"C",25,"KT",3,"FT",8,"FT",,"","",,2017.1,09-JUN-21,"Britt, Lyle",1445,11,"",,,"",,,"",12397,"Britt, Lyle","Y"
19913,,751,519,46,,,14,14,2130,2130,929,,3,0,,,,,3,7,2.798,1,,,,,16.6804,7,69,0.5106,2.226,6,716,0.11,73,4,75,5,274.32,5,44,15,5,5.94,14,2.56,6,15,4,300,2,3,2,300,2,6,2,300,2,,,,,,-8,1066,2,11,31,"F-06",2.798,"KM",,"",16.6804,"M",2.226,"M",73,"M",75,"M",150,"FM",5.94,"C",2.56,"C",15,"KT",3,"FT",6,"FT",,"","KG",1066,2017.1,09-JUN-21,"Britt, Lyle",1445,11,"",,,"",,,"",12398,"Britt, Lyle","Y"
19914,,751,519,47,,,14,14,2130,2130,929,,3,0,,,,,3,7,2.825,1,,,,,16.1715,7,96,0.4628,2.412,6,896,0.13,67,4,69,5,228.6,5,44,15,5,5.91,14,2.36,6,15,4,310,2,3,2,310,2,5,2,310,2,,,,,,-8,,1,11,31,"G-06",2.825,"KM",,"",16.1715,"M",2.412,"M",67,"M",69,"M",125,"FM",5.91,"C",2.36,"C",15,"KT",3,"FT",5,"FT",,"","",,2017.1,09-JUN-21,"Britt, Lyle",1445,11,"",,,"",,,"",12399,"Britt, Lyle","Y"
19915,,751,519,48,,,14,14,2130,2130,929,,3,0,,,,,3,7,2.895,1,,,,,16.4282,7,53,0.3987,2.348,6,800,0.13,63,4,65,5,228.6,5,44,15,5,6,14,2.83,6,15,4,290,2,3,2,290,2,5,2,290,2,,,,,,-8,1962,2,11,31,"H-06",2.895,"KM",,"",16.4282,"M",2.348,"M",63,"M",65,"M",125,"FM",6,"C",2.83,"C",15,"KT",3,"FT",5,"FT",,"","KG",1962,2017.1,09-JUN-21,"Britt, Lyle",1445,11,"",,,"",,,"",12400,"Britt, Lyle","Y"
19936,,751,519,49,,,14,14,2130,2130,929,,3,0,,,,,3,7,2.915,1,,,,,15.9249,7,245,0.6151,2.41,6,1457,0.14,52,4,54,5,182.88,5,44,15,5,4.73,14,3.68,6,15,4,290,2,3,2,290,2,4,2,290,2,,,,,,-8,996,2,11,10,"I-06",2.915,"KM",,"",15.9249,"M",2.41,"M",52,"M",54,"M",100,"FM",4.73,"C",3.68,"C",15,"KT",3,"FT",4,"FT",,"","KG",996,2017.1,10-JUN-21,"Britt, Lyle",1447,11,"",,,"",,,"",12401,"Britt, Lyle","Y"
19937,,751,519,50,,,14,14,2130,2130,929,,3,0,,,,,3,7,2.871,1,,,,,15.718,7,370,0.4281,2.559,6,1338,0.12,43,4,46,5,182.88,5,44,15,5,4.14,14,3.88,6,10,4,270,2,10,2,270,2,5,2,270,2,,,,,,-8,960,2,11,10,"J-06",2.871,"KM",,"",15.718,"M",2.559,"M",43,"M",46,"M",100,"FM",4.14,"C",3.88,"C",10,"KT",10,"FT",5,"FT",,"","KG",960,2017.1,10-JUN-21,"Britt, Lyle",1447,11,"",,,"",,,"",12402,"Britt, Lyle","Y"
19938,,751,519,51,,,14,14,2130,2130,929,,3,0,,,,,3,7,2.914,1,,,,,15.8733,7,368,0.4315,2.437,6,1209,0.13,42,4,44,5,182.88,5,44,15,5,3.66,14,3.4,6,10,4,270,2,2,2,270,2,5,2,270,2,,,,,,-8,1755,2,11,10,"K-06",2.914,"KM",,"",15.8733,"M",2.437,"M",42,"M",44,"M",100,"FM",3.66,"C",3.4,"C",10,"KT",2,"FT",5,"FT",,"","KG",1755,2017.1,10-JUN-21,"Britt, Lyle",1447,11,"",,,"",,,"",12403,"Britt, Lyle","Y"
19939,,751,519,52,,,14,14,2130,2130,929,,3,0,,,,,3,7,2.759,1,,,,,15.1038,7,84,0.4376,2.709,6,1140,0.15,35,4,38,5,137.16,5,44,15,5,3.61,14,3.48,6,10,4,270,2,3,2,270,2,5,2,270,2,,,,,,-8,1107,2,11,10,"L-06",2.759,"KM",,"",15.1038,"M",2.709,"M",35,"M",38,"M",75,"FM",3.61,"C",3.48,"C",10,"KT",3,"FT",5,"FT",,"","KG",1107,2017.1,10-JUN-21,"Britt, Lyle",1447,11,"",,,"",,,"",12404,"Britt, Lyle","Y"
19940,,751,519,53,,,14,14,2130,2130,929,,3,0,,,,,3,7,2.91,1,,,,,14.6688,7,120,0.4406,2.792,6,118,0.22,32,4,35,5,137.16,5,44,15,5,4.22,14,3.84,6,10,4,270,2,2,2,270,2,5,2,270,2,,,,,,-8,1258,2,11,10,"L-07",2.91,"KM",,"",14.6688,"M",2.792,"M",32,"M",35,"M",75,"FM",4.22,"C",3.84,"C",10,"KT",2,"FT",5,"FT",,"","KG",1258,2017.1,10-JUN-21,"Britt, Lyle",1447,11,"",,,"",,,"",12405,"Britt, Lyle","Y"
19941,,751,519,54,,,14,14,2130,2130,929,,3,0,,,,,3,7,2.84,1,,,,,15.0563,7,116,0.3603,2.662,6,127,0.24,25,4,28,5,137.16,5,44,15,5,4.1,14,4.08,6,15,4,180,2,2,2,180,2,4,2,180,2,,,,,,-8,,1,11,10,"M-06",2.84,"KM",,"",15.0563,"M",2.662,"M",25,"M",28,"M",75,"FM",4.1,"C",4.08,"C",15,"KT",2,"FT",4,"FT",,"","",,2017.1,11-JUN-21,"Britt, Lyle",1448,11,"",,,"",,,"",12406,"Britt, Lyle","Y"
19942,,751,519,55,,,14,14,2130,2130,929,,3,0,,,,,3,7,2.799,1,,,,,13.9529,7,316,0.3402,3.082,6,967,0.25,26,4,29,5,137.16,5,44,15,5,4.54,14,4.14,6,15,4,180,2,3,2,180,2,5,2,180,2,,,,,,-8,1104,2,11,10,"M-07",2.799,"KM",,"",13.9529,"M",3.082,"M",26,"M",29,"M",75,"FM",4.54,"C",4.14,"C",15,"KT",3,"FT",5,"FT",,"","KG",1104,2017.1,11-JUN-21,"Britt, Lyle",1448,11,"",,,"",,,"",12407,"Britt, Lyle","Y"
19943,,751,519,56,,,14,14,2130,2130,929,,3,0,,,,,3,7,2.963,1,,,,,14.5748,7,242,0.6399,2.768,6,172,0.21,21,4,24,5,137.16,5,44,15,5,8.2,14,5.04,6,15,4,180,2,3,2,180,2,5,2,180,2,,,,,,-8,,1,11,10,"N-07",2.963,"KM",,"",14.5748,"M",2.768,"M",21,"M",24,"M",75,"FM",8.2,"C",5.04,"C",15,"KT",3,"FT",5,"FT",,"","",,2017.1,11-JUN-21,"Britt, Lyle",1448,11,"",,,"",,,"",12408,"Britt, Lyle","Y"
19944,,751,519,57,,,14,14,2130,2130,929,,3,0,,,,,3,7,3.12,1,,,,,14.3051,7,318,0.3763,2.963,6,1030,0.18,20,4,23,5,137.16,5,44,15,5,5.21,14,5.24,6,15,4,210,2,3,2,210,2,6,2,210,2,,,,,,-8,1126,2,11,10,"N-06",3.12,"KM",,"",14.3051,"M",2.963,"M",20,"M",23,"M",75,"FM",5.21,"C",5.24,"C",15,"KT",3,"FT",6,"FT",,"","KG",1126,2017.1,11-JUN-21,"Britt, Lyle",1448,11,"",,,"",,,"",12409,"Britt, Lyle","Y"
19945,,751,519,58,,,14,14,2130,2130,929,,3,0,,,,,3,7,3.022,1,,,,,12.5663,7,401,0.5182,3.249,6,1241,0.27,18,4,21,5,137.16,5,44,15,5,4.29,14,4.27,6,20,4,210,2,3,2,210,2,6,2,210,2,,,,,,-8,,1,11,20,"N-05",3.022,"KM",,"",12.5663,"M",3.249,"M",18,"M",21,"M",75,"FM",4.29,"C",4.27,"C",20,"KT",3,"FT",6,"FT",,"","",,2017.1,11-JUN-21,"Britt, Lyle",1448,11,"",,,"",,,"",12410,"Britt, Lyle","Y"
19946,,751,519,59,,,14,14,2130,2130,929,,3,0,,,,,3,7,3.072,1,,,,,14.9153,7,353,0.4298,2.698,6,242,0.31,22,4,25,5,137.16,5,44,15,5,3.74,14,3.71,6,10,4,180,2,2,2,180,2,5,2,180,2,,,,,,-8,,1,11,20,"N-04",3.072,"KM",,"",14.9153,"M",2.698,"M",22,"M",25,"M",75,"FM",3.74,"C",3.71,"C",10,"KT",2,"FT",5,"FT",,"","",,2017.1,12-JUN-21,"Britt, Lyle",1449,11,"",,,"",,,"",12411,"Britt, Lyle","Y"
19947,,751,519,60,,,14,14,2130,2130,929,,3,0,,,,,3,7,2.955,1,,,,,15.2812,7,268,0.5231,2.655,6,935,0.21,23,4,26,5,137.16,5,44,15,5,4.43,14,4.3,6,10,4,180,2,2,2,180,2,4,2,180,2,,,,,,-8,1048,2,11,20,"O-04",2.955,"KM",,"",15.2812,"M",2.655,"M",23,"M",26,"M",75,"FM",4.43,"C",4.3,"C",10,"KT",2,"FT",4,"FT",,"","KG",1048,2017.1,12-JUN-21,"Britt, Lyle",1449,11,"",,,"",,,"",12412,"Britt, Lyle","Y"
19948,,751,519,61,,,14,14,2130,2130,929,,3,0,,,,,3,7,3.048,1,,,,,15.2237,7,455,0.4469,2.883,6,1367,0.17,26,4,29,5,137.16,5,44,15,5,3.83,14,3.7,6,10,4,180,2,2,2,180,2,5,2,180,2,,,,,,-8,,1,11,20,"O-03",3.048,"KM",,"",15.2237,"M",2.883,"M",26,"M",29,"M",75,"FM",3.83,"C",3.7,"C",10,"KT",2,"FT",5,"FT",,"","",,2017.1,12-JUN-21,"Britt, Lyle",1449,11,"",,,"",,,"",12413,"Britt, Lyle","Y"
19950,,751,519,63,,,17,17,2130,2130,929,,3,0,,,,,3,7,2.856,1,,,,,15.5882,7,464,0.4604,1.933,6,1484,0.13,32,4,34,5,137.16,5,44,15,5,3.62,14,3.6,6,15,4,180,2,2,2,180,2,4,2,180,2,,,,,,-8,2470,2,11,20,"M-03",2.856,"KM",,"",15.5882,"M",1.933,"M",32,"M",34,"M",75,"FM",3.62,"C",3.6,"C",15,"KT",2,"FT",4,"FT",,"","KG",2470,2017.1,13-JUN-21,"Britt, Lyle",1450,11,"",,,"",,,"",12415,"Britt, Lyle","Y"
19951,,751,519,64,,,17,17,2130,2130,929,,3,0,,,,,3,7,2.893,1,,,,,15.9236,7,303,0.4195,2.062,6,1150,0.14,40,4,42,5,137.16,5,44,15,5,4,14,3.65,6,15,4,180,2,3,2,180,2,4,2,180,2,,,,,,-8,1501,2,11,20,"L-03",2.893,"KM",,"",15.9236,"M",2.062,"M",40,"M",42,"M",75,"FM",4,"C",3.65,"C",15,"KT",3,"FT",4,"FT",,"","KG",1501,2017.1,13-JUN-21,"Britt, Lyle",1450,11,"",,,"",,,"",12416,"Britt, Lyle","Y"
19952,,751,519,65,,,17,17,2130,2130,929,,3,0,,,,,3,7,2.937,1,,,,,16.7692,7,166,0.6522,1.86,6,599,0.14,45,4,47,5,182.88,5,44,15,5,4.03,14,3.51,6,15,4,180,2,3,2,180,2,4,2,180,2,,,,,,-8,1752,2,11,10,"K-03",2.937,"KM",,"",16.7692,"M",1.86,"M",45,"M",47,"M",100,"FM",4.03,"C",3.51,"C",15,"KT",3,"FT",4,"FT",,"","KG",1752,2017.1,13-JUN-21,"Britt, Lyle",1450,11,"",,,"",,,"",12417,"Britt, Lyle","Y"
19953,,751,519,66,,,17,17,2130,2130,929,,3,0,,,,,3,7,2.765,1,,,,,17.355,7,99,0.3224,1.719,6,1033,0.1,59,4,61,5,228.6,5,44,15,5,4.88,14,2.44,6,20,4,180,2,3,2,180,2,5,2,180,2,,,,,,-8,986,2,11,31,"J-03",2.765,"KM",,"",17.355,"M",1.719,"M",59,"M",61,"M",125,"FM",4.88,"C",2.44,"C",20,"KT",3,"FT",5,"FT",,"","KG",986,2017.1,13-JUN-21,"Britt, Lyle",1450,11,"",,,"",,,"",12418,"Britt, Lyle","Y"
19975,,751,519,67,,,17,17,2130,2130,929,,3,0,,,,,3,7,2.676,1,,,,,17.9008,7,32,0.3652,1.861,6,404,0.16,62,4,64,5,228.6,5,44,15,5,5.23,14,2.21,6,20,4,180,2,3,2,180,2,8,2,180,2,,,,,,-8,2381,2,11,31,"I-04",2.676,"KM",,"",17.9008,"M",1.861,"M",62,"M",64,"M",125,"FM",5.23,"C",2.21,"C",20,"KT",3,"FT",8,"FT",,"","KG",2381,2017.1,14-JUN-21,"Britt, Lyle",1452,11,"",,,"",,,"",12419,"Britt, Lyle","Y"
19976,,751,519,68,,,17,17,2130,2130,929,,3,0,,,,,3,7,2.76,1,,,,,17.3602,7,147,0.3355,1.761,6,1044,0.15,66,4,68,5,228.6,5,44,15,5,5.88,14,2.95,6,25,4,180,2,3,2,180,2,8,2,180,2,,,,,,-8,2420,2,11,31,"H-04",2.76,"KM",,"",17.3602,"M",1.761,"M",66,"M",68,"M",125,"FM",5.88,"C",2.95,"C",25,"KT",3,"FT",8,"FT",,"","KG",2420,2017.1,14-JUN-21,"Britt, Lyle",1452,11,"",,,"",,,"",12420,"Britt, Lyle","Y"
19977,,751,519,69,,,17,17,2130,2130,929,,3,0,,,,,3,7,2.875,1,,,,,17.4647,7,190,0.33,1.82,6,1299,0.14,70,4,72,5,228.6,5,44,15,5,5.94,14,3.52,6,15,4,180,2,3,2,180,2,8,2,180,2,,,,,,-8,1070,2,11,31,"G-04",2.875,"KM",,"",17.4647,"M",1.82,"M",70,"M",72,"M",125,"FM",5.94,"C",3.52,"C",15,"KT",3,"FT",8,"FT",,"","KG",1070,2017.1,14-JUN-21,"Britt, Lyle",1452,11,"",,,"",,,"",12421,"Britt, Lyle","Y"
19978,,751,519,70,,,17,17,2130,2130,929,,3,0,,,,,3,7,2.936,1,,,,,16.9295,7,120,0.4374,1.716,6,1462,0.17,76,4,78,5,274.32,5,44,15,5,6.52,14,3.37,6,15,4,180,2,3,2,180,2,6,2,180,2,,,,,,-8,1036,2,11,31,"F-04",2.936,"KM",,"",16.9295,"M",1.716,"M",76,"M",78,"M",150,"FM",6.52,"C",3.37,"C",15,"KT",3,"FT",6,"FT",,"","KG",1036,2017.1,14-JUN-21,"Britt, Lyle",1452,11,"",,,"",,,"",12422,"Britt, Lyle","Y"
19980,,751,519,72,,,17,17,2130,2130,929,,3,0,,,,,3,7,2.903,1,,,,,17.7808,7,170,0.3289,1.74,6,1703,0.12,104,4,106,5,320.04,5,44,15,5,7.05,14,4.36,6,0,4,-3,2,0,2,-3,2,3,2,180,2,,,,,,-8,,1,11,31,"D-04",2.903,"KM",,"",17.7808,"M",1.74,"M",104,"M",106,"M",175,"FM",7.05,"C",4.36,"C",0,"KT",0,"FT",3,"FT",,"","",,2017.1,15-JUN-21,"Britt, Lyle",1453,11,"",,,"",,,"",12424,"Britt, Lyle","Y"
19985,,751,520,77,,,17,17,2130,2130,929,,3,0,,,,,3,7,2.931,1,,,,,18.568,7,85,0.6356,1.814,6,1174,0.1,133,4,135,5,411.48,5,44,15,5,8.03,14,4.16,6,5,4,45,2,0,2,-2,2,1,2,90,2,,,,,,-8,,1,11,50,"C-01",2.931,"KM",,"",18.568,"M",1.814,"M",133,"M",135,"M",225,"FM",8.03,"C",4.16,"C",5,"KT",0,"FT",1,"FT",,"","",,2017.1,19-JUN-21,"Haehn, Rebecca",1454,11,"",,,"",,,"",12429,"Haehn, Rebecca","Y"
